,count,mean,std,min,25%,50%,75%,max,beta,entropy
USB UN Equity,251.0,0.0010068310657752634,0.0324528125375059,-0.10112400521436314,-0.019102784187404326,-0.0026346691718086923,0.01869754591742033,0.14779871004612807,1.0739255518690682,1.6520481974926589
1684442D UN Equity,251.0,0.0004742961558572472,0.025440600383427905,-0.06962025316455696,-0.014662882696938424,0.0,0.013699555608935862,0.10877192982456141,0.7554302415060254,1.7496671715814125
OAT UN Equity,251.0,0.0019808324931876184,0.024172799868801647,-0.07875579086697551,-0.010399933310652948,0.0008896797153024911,0.011831944487954639,0.12092391304347826,0.3429603927648489,1.5279769356212258
41018Q US Equity,251.0,-8.658947765088532e-05,0.02600735396656966,-0.1870636842855107,-0.015383438115712167,-0.001195457262402773,0.016609410836798816,0.13793103448275862,0.8258989998514834,1.1192975136071488
KBH UN Equity,251.0,0.001957031440197919,0.029809916707646603,-0.07940705882352943,-0.016560928464690202,0.0,0.018122976359975073,0.13043478260869565,1.0117793004537572,1.688166833195306
297504Q UN Equity,251.0,-0.0004886305715646878,0.029921545047688045,-0.08453837597330367,-0.017782928388746802,-0.003926701570680628,0.012555976083514709,0.16666666666666666,0.5683353890245798,1.490663452592399
PPG UN Equity,251.0,-0.0007415167600915492,0.024189495552686062,-0.06589090909090914,-0.017213658562997544,-0.0030406872918578303,0.01430169091352691,0.09529999999999994,0.6207427799713122,1.7773150239135818
T UN Equity,251.0,0.00045516758969601384,0.028059138635593842,-0.12661195779601406,-0.016012187654279135,0.0,0.016811913001648617,0.09872611464968153,0.6167481104995656,1.5834293605563805
GOLD UN Equity,251.0,7.822849560535357e-06,0.025260835949088383,-0.054982817869415807,-0.01518032031340016,-0.0033112582781456954,0.01227756071849874,0.10227272727272728,-0.3760957776012876,1.822136106213142
HSY UN Equity,251.0,0.0015974702357213464,0.024344214440804063,-0.051854099308801714,-0.014507838867939788,0.00139888268156432,0.014323205697786955,0.12582781456953643,0.1482660811692165,1.6745446563109072
M UN Equity,251.0,-0.0008678073342759534,0.03413327782514517,-0.1490150118060703,-0.021780339252945688,-0.002228571428571437,0.019146880769479825,0.1277064955894146,0.9124292113287472,1.5889580242672525
1431816D UN Equity,251.0,-0.0005820362797828266,0.06391544473964494,-0.3290653008962868,-0.043113803232611145,-0.007534983853606028,0.041561542238853985,0.22972972972972974,2.62196293015846,1.5431881687786928
AMGN UQ Equity,251.0,0.000906435893368037,0.04116671499006349,-0.13411678832116786,-0.02752234528755118,0.0018467084268998935,0.026932372179089052,0.11961722488038277,1.3720105538830687,1.9017704953641221
RBK UN Equity,251.0,0.005859472326421734,0.04871572762845085,-0.1590909090909091,-0.02131139944392956,-0.002688172043010753,0.020423200978756537,0.2807017543859649,0.7437480174197824,1.3242699276343566
KRB UN Equity,251.0,0.0017222953041686072,0.03015063209436162,-0.09715468654916888,-0.015908441656572354,0.0029349042461097046,0.02168352752825683,0.0896551724137931,1.0635177346380684,1.8574584118441304
CR UN Equity,251.0,0.0018248836507286045,0.023226988537408347,-0.13317191283292978,-0.012658227848101266,0.0,0.015288633825858891,0.12345679012345678,0.6756949445322717,1.2740040085669615
2942331Q UN Equity,251.0,0.0014951208247588703,0.03368744275332677,-0.11204481792717087,-0.0199595102086459,0.0030534351145038168,0.023186954505207236,0.10804020100502512,1.2646151904893121,1.8228638201768104
0111145D UN Equity,251.0,0.0013947208912744465,0.016575638501139564,-0.05357142857142857,-0.009505840829491144,0.0,0.011246206099147275,0.05122950819672131,0.29276361918185567,1.8625317912136716
SANM UQ Equity,251.0,0.0029984076096452577,0.05052103351891941,-0.15284249767008387,-0.02797573189522342,0.0021978030565287777,0.031179143875239183,0.1879120879120879,1.855035023075037,1.7469140246666675
TMO UN Equity,251.0,0.0032249848238769716,0.031929148494030564,-0.08249860879243183,-0.017248045335687266,0.0,0.01397529612123944,0.16667786813629965,0.8213821312356551,1.5584730141081578
AON UN Equity,251.0,0.0003241665351507304,0.04006505335411378,-0.29239766081871343,-0.019419306184012067,0.0,0.018697502791759052,0.13506493506493505,0.8258431301437246,1.236990959459305
MAR UN Equity,251.0,0.001624760036053827,0.025640440947693313,-0.07789571035309922,-0.016148260972791543,0.0034798414340294626,0.017409909420683302,0.13199072510058052,0.6779321677241603,1.6025389345896284
PWER UQ Equity,251.0,0.006330414533526494,0.06699321150895933,-0.17186183656276327,-0.03264570117727561,0.006342494714587738,0.046661988569596684,0.18463810930576072,1.787259749399236,2.0136363291017663
KRI UN Equity,251.0,0.00010779005311946801,0.018414751029975855,-0.04017857142857143,-0.012925170068027212,0.0,0.012208897676108822,0.052830188679245285,0.41003322677199827,2.0834091052494847
WCOEQ UQ Equity,251.0,-0.0042114250785829565,0.044164899179322814,-0.2026320746864335,-0.026939285685283546,-0.007439392362917491,0.020804472739790893,0.12747886041982046,1.353999170155635,1.6645465885765849
4621824Q UN Equity,251.0,0.004142651572860239,0.03053859758671128,-0.0819327731092437,-0.011360703963666391,0.001564945226917058,0.016626497003832674,0.20202020202020202,0.3420436077430914,1.4009299563826414
FITB UQ Equity,251.0,0.0013852588750666874,0.028229513401794328,-0.06712660779988773,-0.01750938762154182,-0.0012642225031605564,0.019599453350854126,0.11203029436820215,1.0164305416640798,1.8271567851082597
1799685D UN Equity,251.0,0.0009557381091557072,0.025425599758643776,-0.078,-0.014251861882193635,0.0016666666666666668,0.015156951959925937,0.06787330316742081,0.24122568290139831,1.9728893012816475
YUM UN Equity,251.0,2.5736548347228158e-05,0.031898328565729404,-0.10482907896701013,-0.01667269789393394,-0.0022969176185885553,0.01811349681157153,0.1534948177932191,0.7592690602001154,1.5811027546386385
MO UN Equity,251.0,0.0029354604339802306,0.029444150089594258,-0.07483227788576091,-0.014700339816783863,0.002288437864966377,0.01876996448207533,0.1626788084353339,0.22977893451521045,1.5655760954172564
QCOM UQ Equity,251.0,-0.0014669176123487762,0.057177324808864546,-0.1684774703557312,-0.03791108210375992,-0.0038267741982871734,0.038329371835824494,0.15610042595962006,1.9998219738722534,1.967045489048613
ADI UN Equity,251.0,0.0022637436447504908,0.059782813767555246,-0.13004032258064516,-0.03720931875335537,-0.0019936170212765604,0.04369819505771168,0.22945484133441824,2.1782000922969114,1.886918533379853
MEL UN Equity,251.0,0.0021368000955466655,0.02995668328266251,-0.08121827411167512,-0.017980536868917773,0.0013333333333333333,0.020794248080132364,0.0954356846473029,1.1071323131942725,1.8982361794393903
RDC UN Equity,251.0,0.0018758979823591763,0.036311643288069136,-0.10217391304347827,-0.024610471838352695,0.0,0.026300388387394256,0.08695652173913043,0.4637987545516837,2.037564525212447
TRB UN Equity,251.0,-0.000528155663609759,0.025739883787638154,-0.173109243697479,-0.012015911292483358,0.0,0.01133663444238708,0.09724770642201835,0.5876171000802406,1.264920372744161
EXC UN Equity,251.0,0.003148345772660071,0.021991160899457067,-0.07091622459819187,-0.01242299060629324,0.0033328043167751287,0.01777168242302487,0.0659869617950272,0.05337099865451872,1.878527344170269
BCR UN Equity,251.0,-9.567645791271318e-05,0.02289906161395254,-0.08441558441558442,-0.012995800528013576,0.001315412246825233,0.01295552533158381,0.07612681057690712,0.3452252465011087,1.752769957749722
ORCL UQ Equity,251.0,0.0011582990111561485,0.04988257004551803,-0.14099783080260303,-0.031554218767970814,-0.0007391873190408432,0.03282239775729266,0.17786181662457734,2.1595665332711986,1.8539614964278757
1746513D UQ Equity,251.0,0.0017671439862133205,0.05967384257893008,-0.193925664125146,-0.037554966613304035,-0.004329002187259277,0.04288222397043463,0.1875,2.405163772949246,1.853853362482895
ADP UN Equity,251.0,0.001071452190355328,0.024105523070671635,-0.06738877065583093,-0.012928517268406416,0.0,0.014096803507954832,0.11450381679389306,0.5257903232229469,1.6567080208720883
723588Q UN Equity,251.0,0.0003024503885370289,0.02440494367546219,-0.16888045540796964,-0.012766015237733082,0.0,0.011621315192743764,0.07468879668049792,0.5572835553432978,1.3973685223616563
NMK UN Equity,251.0,0.0010674028053149706,0.019507764438258957,-0.06282722513089005,-0.00883109794135995,0.0,0.008869223205506392,0.13513513513513514,0.24710647195788485,1.3249704475138016
TIF UN Equity,251.0,-0.0003975472952226631,0.039688239691122985,-0.12927945205479446,-0.025898232274195188,-0.004934210526315789,0.022476918825561333,0.1406824372759857,1.5747403514172622,1.7643650879639172
AXP UN Equity,251.0,0.0005781032075252924,0.027999798763726602,-0.08604399499534028,-0.017886180483611708,-0.00041862561988794214,0.020154144997333534,0.08184552212243301,1.1508500217397752,1.9195306491065829
FMC UN Equity,251.0,0.0012478820794964306,0.01966120679356096,-0.06012991975544526,-0.012307836719597051,0.001995953409525855,0.014547234653744417,0.06861069447835637,0.4735055695758603,1.8227148053181284
HM UN Equity,251.0,-0.001886389405420769,0.0349438735132335,-0.07692307692307693,-0.02247191011235955,-0.008403361344537815,0.011561079925153702,0.14492753623188406,-0.5033865513716645,1.7799571338535327
BRCM UQ Equity,251.0,0.0001526896919797766,0.06472819819615572,-0.19406369863013695,-0.03554424293330305,0.0006072817007964074,0.03749845862704517,0.21532244172745696,2.48105851838659,1.8428551139907423
DYNIQ UN Equity,251.0,0.007098001867577606,0.04494594093840501,-0.08590516472923036,-0.015807579950799507,0.0060901339829476245,0.02774781333482529,0.4496124031007752,0.35536562654865744,1.0905780472129862
MAS UN Equity,251.0,0.0005768037208805604,0.03174892083146188,-0.132449213334137,-0.020406324516918185,0.0,0.015245674248200867,0.12297332327850302,0.628678644550996,1.553094509242014
COF UN Equity,251.0,0.0019866094458477193,0.03402260002851943,-0.10146862483311081,-0.01808245224540039,0.0037831021437578815,0.023459159225264717,0.13914373088685014,1.3638689523166236,1.7643288800878538
CMI UN Equity,251.0,-0.00042693206933525123,0.030480060762394876,-0.09443125404705374,-0.017183437438019044,-0.0036539368222537226,0.013110848655303209,0.1799502682894909,0.7099751849589572,1.4461317156106992
WFC UN Equity,251.0,0.001729870758430903,0.025471203396898272,-0.08779523809523801,-0.012322720090057119,0.0023724747378889906,0.01727932351314889,0.1,0.8042182683394251,1.698238046107111
1288652D US Equity,251.0,0.0007053789224772328,0.022321634535216753,-0.06925207756232687,-0.01429003070745926,0.0,0.014516994653072664,0.09567901234567901,0.6987207538934292,1.6854609570755361
CCTYQ UN Equity,249.0,-0.0036287067979305894,0.05500233668936239,-0.3556852330700957,-0.03124799349356846,-0.0052981759197692595,0.030486178356750132,0.14402570500447245,1.5048941140014713,1.4055226068099538
LPX UN Equity,251.0,-0.0006994019256933987,0.035323127302488266,-0.08,-0.023346656976744186,-0.004464285714285714,0.016713221601489758,0.16049382716049382,0.7265803675267994,1.732240233404584
AEE UN Equity,251.0,0.001562730372517225,0.01603302782679139,-0.04424778761061947,-0.0069220935141301124,0.0015822784810126582,0.009917599230634726,0.053763440860215055,0.15101235839494084,1.8786475440750623
605018Q UN Equity,251.0,0.002387222324357931,0.02705747343266449,-0.1214505530269311,-0.014540664648958024,0.0,0.0182037896815138,0.11188969697754696,0.8457911887432074,1.5355796933322712
ITW UN Equity,251.0,1.1394747299046786e-05,0.024202101134729623,-0.07157894736842105,-0.014313121836885578,-0.001031404958677631,0.012980285595801472,0.10042735042735043,0.6914185065811475,1.725755805566818
UNP UN Equity,251.0,0.000956688674768109,0.024649341610505953,-0.07030999999999991,-0.014507026757954499,0.0016155256154014423,0.016598543692888698,0.06613347613166243,0.585918293348751,1.9731524910406235
GT UN Equity,251.0,-0.00012009992237122514,0.03314408527607391,-0.14285714285714285,-0.020000000000000025,-0.0017878426698451212,0.018922634271099744,0.13216957605985039,0.625480941973284,1.5999297760183924
VZ UN Equity,251.0,-0.0003511439305893816,0.027004796200687416,-0.11749257209437805,-0.01800518159893614,-0.002097499092518198,0.016440245003230894,0.1226060016094874,0.4717649846908831,1.4503611536071497
HON UN Equity,251.0,-6.706814713345232e-05,0.036673941083147,-0.17783466638944295,-0.017444453543936388,-0.0011961698440556368,0.01601961800376331,0.2889658745062486,0.9386186698094369,1.1209166951261824
WWY UN Equity,251.0,0.000866751391144834,0.019263078707014623,-0.0637381567614125,-0.01084509408602144,0.0008163265306121985,0.011130136986301345,0.10849056603773585,0.27176263219363445,1.4571507460291564
TEK UN Equity,251.0,0.002993140910718,0.04211167807523774,-0.11354581673306773,-0.02380056164644055,0.005535055350553505,0.029661994738821806,0.1175,1.4512826037954394,1.9871135522682932
PBI UN Equity,251.0,-0.0008750377154231118,0.032219150900178135,-0.2842128274013265,-0.015336641764366459,-0.001785912952846041,0.0128307481183952,0.08737928101855319,0.4304721255330728,1.1151736412285664
SPLS UQ Equity,251.0,-0.0012040780007209141,0.045204067395829675,-0.178146929887069,-0.028159369786839673,-0.007468634421986892,0.023318190084181636,0.1469392553118541,1.1565127973591347,1.6900022033370523
TGNA UN Equity,251.0,-0.0007321939225820455,0.01732109461888521,-0.0420375378446419,-0.010997159217237415,0.0,0.010335578805907145,0.06585253334351988,0.43417018080858144,1.8561635279383963
HSH UN Equity,251.0,0.0008365943041428752,0.022962688511041843,-0.06405482939930071,-0.010404888623637198,0.0,0.011285132372037645,0.131147760479603,0.3435702153874664,1.5303249306734468
MERQ UQ Equity,251.0,0.004923754153892972,0.07343831422997456,-0.21451104100946372,-0.043870902198574924,0.0027988804478208716,0.05223413352880093,0.30585191489361707,2.1481290238945787,1.7560140736243972
TOY UN Equity,251.0,0.0011478169747036462,0.029448862508024143,-0.10599078341013825,-0.015424266455194291,0.0,0.01569496376309837,0.11026615969581749,0.8038597586333727,1.6906750495208556
BMS UN Equity,251.0,0.00015856767127553538,0.024429381332565635,-0.18049460580912863,-0.012515621599532387,-0.0017727383426879729,0.011070786059796504,0.09514493927125517,0.5746967925529417,1.204374415869713
WHR UN Equity,251.0,-0.000552721953418561,0.031156213957878046,-0.10949945110130106,-0.017954302007163622,-0.002205052215636466,0.013269310633035936,0.11784254055971467,0.7224886052703102,1.6669045119915762
RTN UN Equity,251.0,0.0014119918422379589,0.03744773015693333,-0.2512315270935961,-0.01707672680882085,0.0,0.018423765463139896,0.11940298507462686,0.40184591317575863,1.3549911242351427
CINF UQ Equity,251.0,0.001383065858666344,0.026535132866002897,-0.07662130175464141,-0.015155357471087805,0.001968873054565886,0.01757423047248242,0.11956467551990055,0.7988049925192529,1.7094769755134953
VIAC UN Equity,251.0,-0.0002624981433928716,0.03259175442541686,-0.0874851766938098,-0.020719582947456988,-0.0044515772681799955,0.01813566690205641,0.14086419939805503,1.079094104946372,1.7256395225928614
MXIM UQ Equity,251.0,0.0014225347067498273,0.05537579881143664,-0.26150121065375304,-0.03458686360684458,0.0,0.032916406629221275,0.23229813664596274,2.5799336007672204,1.4878579482644503
BAC UN Equity,251.0,0.00020128346559886523,0.029017938171153168,-0.08664243245741042,-0.018348807364051894,-0.0026631101718025633,0.017192118226600987,0.07629427792915532,1.0855772581064487,1.9165097387804662
SIAL UQ Equity,251.0,0.0016517944262122203,0.032642333763036546,-0.1546014728721006,-0.019054474143669987,0.0,0.01824939997329445,0.10245901639344263,0.8483856951790335,1.603599768165957
GLW UN Equity,251.0,0.002365629719829211,0.05163909850240857,-0.17780748663101603,-0.03360228164913608,0.0004848837209303005,0.033101358103508664,0.205732070332499,1.9598386427627905,1.6879728723235623
JCI UN Equity,251.0,0.002040518737859882,0.030740678759271663,-0.08637128770596447,-0.01880759454886923,-0.0011239455222857193,0.01969209263336074,0.13005769243082993,1.0423687767186762,1.7488092832035713
PGR UN Equity,251.0,0.0022128000628126743,0.0372505515513765,-0.19230769230769232,-0.01688454438035731,-0.000927875521929879,0.019357689945946915,0.2095086788243447,1.1502249777432105,1.2541985476068835
NTAP UQ Equity,251.0,0.004820670177795558,0.08142427099742018,-0.20909090909090908,-0.04540115656071746,0.004314994606256742,0.050776633986928124,0.40928725701943847,3.1484325659167838,1.6174799597845486
OXY UN Equity,251.0,0.0008764773581349835,0.023211360513622166,-0.07432660881325365,-0.0138134514823617,0.0,0.014436555564869648,0.07964967526077527,0.18016381951691884,1.8390840970266695
748957Q UN Equity,251.0,0.0025826270311828056,0.027254883012394114,-0.06996806224106687,-0.016644483939721032,0.0010248405997500183,0.018785485512634537,0.09118401854362189,0.29892309235843645,1.9115638133695256
CIN UN Equity,251.0,0.001765614767790182,0.01812862245735298,-0.06666666666666667,-0.01119379611881585,0.0,0.013012631650242135,0.06521739130434782,0.18625639687419152,1.7372996390236466
APA UN Equity,251.0,0.0034256067787950995,0.03362333232099832,-0.08333434649224124,-0.019966038565258797,0.0009959277620396978,0.023999024449885206,0.14285951856317297,0.16193799452452595,1.7934434662753456
XEL UN Equity,251.0,0.0018431759209829673,0.018059203809473293,-0.060714285714285714,-0.009632034632034632,0.0,0.012466977466977468,0.0777027027027027,0.12710254049062858,1.6667895280040674
WYE UN Equity,251.0,0.0022969628609272393,0.03072089832137807,-0.11466666666666667,-0.016019448914827292,0.0020855057351407717,0.02148604778780124,0.11994609164420485,0.346345681652408,1.6539969212820773
FE UN Equity,251.0,0.0015902616468582546,0.018089735601189583,-0.058004640371229696,-0.00945945945945946,0.0,0.012547071195576881,0.059782608695652176,0.2014353175342829,1.8351470828204774
1683997D UQ Equity,251.0,-0.0032966008456974324,0.04375634633962378,-0.1894273127753304,-0.030723722415795587,-0.005517241379310344,0.024015177828312285,0.1778975741239892,1.689143501574868,1.5796535473490712
SEBL UQ Equity,251.0,0.003914665269493913,0.0650801737834232,-0.19138755980861244,-0.03343987887404825,0.0012406947890818859,0.040308544303797475,0.30252557108959294,2.7955575153003442,1.6659289625162594
CSX UN Equity,251.0,-0.00034584109571304193,0.026878774970831135,-0.08001535987712091,-0.01889363777461639,0.0,0.012580467472987357,0.12193051775104628,0.5593034961191043,1.6846922086631437
HPQ UN Equity,251.0,-0.0007413638109703033,0.03860365180260253,-0.1277937285368463,-0.025617808089154093,-0.0036003886133742107,0.026296423132989803,0.12331007260167752,1.4524457503958035,1.8513510598676073
LMT UN Equity,251.0,0.0024810697770345446,0.029301603799128825,-0.07917888563049862,-0.014895828044342915,0.0,0.01765131286159316,0.14047073342736255,0.2690381719956111,1.6379000694459334
JAVA UQ Equity,251.0,-0.00027287011721157766,0.04476268521437566,-0.12680577849117175,-0.03346228098299638,-0.0014245014245014246,0.028036182977127858,0.18329466357308585,2.042697041861422,1.7682293829664992
KMB UN Equity,251.0,0.0007571655900922352,0.026842773938533102,-0.1074077334909715,-0.014668052753887157,-0.0011377707034667078,0.01445207204238871,0.10597979052277032,0.4398184138256074,1.6011446608760291
CEG UN Equity,251.0,0.0021727504929424605,0.022490701291101232,-0.0662739322533137,-0.010598283743684336,0.0018832391713747645,0.013084157862373526,0.1309148264984227,-0.0028139099620054803,1.506901065722848
COP UN Equity,251.0,0.0011248123391253246,0.02101117333076897,-0.07353183258570317,-0.011864769916642433,0.001150520863420231,0.014613242606465845,0.1039955403617412,0.13040716970599947,1.5972987030055283
0226226D UN Equity,251.0,0.002384062495964425,0.031096471272489937,-0.0790131555618596,-0.017810069544991224,0.0,0.018472496347924278,0.16404471475654916,0.9691933200141569,1.600396075019351
CSC UN Equity,251.0,-0.001300738786735032,0.02982151404962329,-0.14210366460342885,-0.017980984135557154,-0.0029765935277746647,0.014850192608622158,0.08500045967276866,0.6703174755011706,1.6660206346114292
89236Q UN Equity,251.0,0.00043379539047667324,0.03394873638007396,-0.09364548494983277,-0.01715311286336354,-0.0034602076124567475,0.014953741230399418,0.2,0.8535952306582076,1.476972229744068
RRD UN Equity,251.0,0.0006483898504141227,0.02153813850168811,-0.05978440082893879,-0.014450809365082688,0.0,0.014802542652466815,0.08101425167468419,0.4294531468155716,1.8330081242355902
MAT UN Equity,251.0,0.0009280227333473128,0.032303222066243004,-0.11917098445595854,-0.01809954751131222,-0.004608294930875576,0.016675514210841215,0.1393939393939394,0.44066842114254007,1.5296417236886077
CGP UN Equity,251.0,0.004124591516199639,0.02660992093810272,-0.07205067300079177,-0.013973222086318364,0.00423728813559322,0.020291515069846833,0.08159722222222222,0.2623326693644206,1.9583859597135964
EOG UN Equity,251.0,0.005548810615656273,0.03229101137332186,-0.10247255416302349,-0.015207709810772255,0.004128739193971429,0.02405632538569429,0.1359854593861199,0.20033078203837573,1.6651483209421456
MOLX UQ Equity,251.0,-6.31834128895533e-05,0.03793072789300468,-0.12172573189522343,-0.025069272081630206,0.00029608540925265327,0.022812936518014845,0.13526570048309178,1.6118152653786948,1.7801763575582419
SGP UN Equity,251.0,0.0017713169103102985,0.030388948709370766,-0.09055627425614489,-0.01368097139055223,0.0010799136069114472,0.01800948384611906,0.11353711790393013,0.47116973312229044,1.7771028430791256
UIS UN Equity,251.0,-0.001702427229986139,0.04975712240700886,-0.37566137566137564,-0.025839965813792,-0.005319148936170213,0.02581732432813441,0.12432432432432433,1.4931344925305092,1.2853354276141222
LEG UN Equity,251.0,6.515977561483716e-05,0.027598053376692876,-0.19407894736842105,-0.011430603535866692,0.0,0.01162947937795808,0.0898876404494382,0.6702662240523537,1.2298768689366861
2676187Q UQ Equity,251.0,0.00109731944174661,0.02833601047820333,-0.09176812510823489,-0.017419044184257264,0.0,0.019363902088470573,0.13988571428571428,0.867594524650765,1.6064514559663323
MSI UN Equity,251.0,-0.002555816802745689,0.04481091633510148,-0.18720443854183477,-0.03001638472852381,-0.007168447566451258,0.02536629343601681,0.12662319717585302,1.679183651420053,1.7065612994531856
NEE UN Equity,251.0,0.00240857675758332,0.020070499533639055,-0.0863881483276782,-0.007666499477533938,0.002299321919714097,0.013950903931257483,0.0764670028259544,0.07036312175473415,1.617838615085802
1822785D UN Equity,251.0,0.00012302417877707304,0.024027619944489213,-0.08098079096045192,-0.013700174246302491,0.0,0.012192473307003713,0.09777600000000007,0.8558192117742509,1.69568625742924
TFC UN Equity,251.0,0.0017690973196536214,0.024657485534509957,-0.06926406926406926,-0.016272098422199843,0.004291845493562232,0.016843299691058425,0.10893854748603352,0.869141636850529,1.6922705829953837
BHI UN Equity,251.0,0.0035429252224744258,0.03673112392155261,-0.10344827586206896,-0.02025329436496949,0.0018587360594795538,0.02303978565289925,0.1831831831831832,0.2855260327451685,1.6159911559479698
ALL UN Equity,251.0,0.0029307469034553367,0.030729412631036814,-0.11466666666666667,-0.014661631048882339,0.0,0.019102600478288816,0.11513157894736842,0.955590579787944,1.6821542721484724
253647Q UN Equity,251.0,-0.0002968268539416285,0.04436955283098323,-0.15796915167095105,-0.02404642223536369,-0.0025641025641026005,0.01900405514539533,0.3909266409266409,1.2332497222230507,1.089499022723486
VFC UN Equity,251.0,0.0012217929248586298,0.02925240817263447,-0.06779716825814941,-0.013833705242145347,0.0,0.013592801266329405,0.1318812694973195,0.6947674758567739,1.697951632870955
MET UN Equity,186.0,0.004995732799786707,0.029605227067001767,-0.05937372003119633,-0.01642790023610173,0.003072424172737653,0.02672779020710786,0.1015347048814444,0.4420497419920944,1.9868132294050747
GL UN Equity,251.0,0.0015908724871533681,0.027461309818456067,-0.10917958979489736,-0.013467112873959927,0.0,0.016804451628502595,0.13125358593301764,0.8028000484365561,1.5094501412608754
PALM UQ Equity,210.0,-0.0031761945007887935,0.07123705763093566,-0.3278687442459702,-0.04123337009198318,-0.0073534833565580765,0.041485917033947176,0.2484074863604796,1.5541345878528643,1.5827968473540013
BMC UQ Equity,251.0,-0.005378668123210806,0.056601777430315324,-0.3996478873239437,-0.0362080472921434,-0.004243281471004243,0.02770126671981576,0.11698717948717949,1.786481435398973,1.376128153998101
CPPRQ UN Equity,251.0,-0.001733956799998791,0.035805725438682275,-0.11049723756906077,-0.023188600618362684,-0.004201680672268907,0.016582684379294547,0.176056338028169,0.6900168099078735,1.5748443698863823
TROW UQ Equity,251.0,0.0013706236999166594,0.03594739704009157,-0.10312053596627198,-0.018882654628671707,-0.0013276595744680145,0.01947564118924377,0.15527567610542078,1.388541046759539,1.6820253861206151
RX UN Equity,251.0,0.0008198793963185518,0.0342601639644428,-0.2369905007001477,-0.01721778674868182,0.0,0.01503916706151652,0.14741269686002142,0.6386538675852478,1.2543373632745212
3414924Q US Equity,72.0,-0.007783986518823716,0.058654207622023946,-0.21981424148606812,-0.03374030688005279,-0.015787292817679557,0.015361574668378264,0.16847826086956522,1.7784269576417906,1.71013915932742
K UN Equity,251.0,-4.3417400175237045e-05,0.030949337658062143,-0.09263657957244656,-0.018874766212450857,-0.0026666666666666666,0.015708528661896537,0.10846560846560846,0.3428587884971394,1.8210894522213517
R UN Equity,249.0,-0.0008188751600941935,0.030050454884929956,-0.08465608465608465,-0.01775147928994083,-0.003134796238244514,0.015748031496062992,0.12734082397003746,0.6261816423178461,1.7021697545884156
IBM UN Equity,251.0,-0.0007345001409531931,0.031215321710923415,-0.15486725663716813,-0.017459042911055284,-0.0009501187648456057,0.016955449376167428,0.13043478260869565,1.047123885415122,1.5174476187184571
0948669D UN Equity,251.0,-0.0027225416638004744,0.03729914220705396,-0.4240506329113924,-0.01577971836592526,-0.003278688524590164,0.011299435028248588,0.08208955223880597,0.6366529050643366,0.8901137726632025
NI UN Equity,251.0,0.0024773752913544306,0.02263115853060305,-0.14859207901363777,-0.009580788043908377,0.0,0.012868167576203324,0.09622353747778764,0.06128983325820672,1.2751901793458233
FCX UN Equity,251.0,-0.003007994170803845,0.03471400897433332,-0.10256326101939676,-0.02322013598943956,-0.006299307679922694,0.016070637860558255,0.18561738330650726,0.153541198278837,1.584978236727093
329556Q UN Equity,251.0,-0.0001316429289144149,0.022598094802713093,-0.10416666666666664,-0.010989453151968118,0.0,0.011568475613088849,0.07523479057613824,0.47019473737470463,1.559832111573123
HOT UN Equity,251.0,0.0021358318828723923,0.030502938085401894,-0.09190155845493404,-0.015666577652134635,0.0018886772384061222,0.015251268350757723,0.1799386572759287,0.4876857410202831,1.4595580358671887
9876566D UN Equity,251.0,0.0022059316043751736,0.026217606608012017,-0.05128197336072424,-0.014957488851800742,-0.0009511856392241503,0.01673246315748033,0.11209269521410586,0.8145698876681648,1.8206021228874618
950967Q UN Equity,251.0,0.0008311453652958012,0.023956539205543734,-0.0650759219088937,-0.01526887315628588,0.0011407744874715867,0.015625,0.07797227722772283,0.734081554980614,1.9081921831528772
BDX UN Equity,251.0,0.001527073582479901,0.028996220476165048,-0.1133155555555556,-0.013751326854119627,0.0,0.014656186878655471,0.17101812792155968,0.2101197487070139,1.4196313420846338
TKR UN Equity,251.0,-0.0007764809406619793,0.025018381708633238,-0.075234011546438,-0.01681517361037129,-0.003158644321138143,0.01341948024002974,0.08796291505851425,0.8097292406241343,1.8490021280733977
MDRIQ UN Equity,251.0,0.0017336329666863125,0.04329470030025687,-0.1368323163768069,-0.023442229917903762,0.0,0.021059087501116278,0.2573008247983324,0.24699344118296007,1.4707331508945134
DOV UN Equity,251.0,-3.548139614616451e-05,0.0233243687323369,-0.16278827452070022,-0.012163947855743505,0.0,0.013821057066065841,0.07051471066911238,0.8125346915775568,1.362203545020042
1436513D UN Equity,251.0,3.3541744858333774e-05,0.025588134778101346,-0.07926829268292683,-0.015062305737423495,0.0,0.013712236616186788,0.09180532054897535,0.6795143885196209,1.788655654666832
BC UN Equity,251.0,-0.0008253242544726456,0.025706831067830078,-0.07119741100323625,-0.014263920671243326,-0.0029154518950437317,0.010676291793313069,0.16853932584269662,0.6756348515116674,1.4230648321039514
DCNAQ UN Equity,251.0,-0.0021460946866894226,0.02760201594582951,-0.0967741935483871,-0.017115835286240375,-0.003076923076923077,0.011089999016135381,0.09821428571428571,0.6006740681197561,1.7153928825689937
3692470Q UN Equity,251.0,-0.000635423036541419,0.02612255804984646,-0.09390736571621605,-0.016492860208566912,-0.001917089618323105,0.014856334634237071,0.12499924282042324,0.6453231516083511,1.603694691759271
ADBE UQ Equity,251.0,0.003844267412057971,0.05586007589712446,-0.19678010679843796,-0.03032738330423909,-0.0005589519650654407,0.04113347193347193,0.15846726373042164,2.407550870861645,1.8607117315729989
NUE UN Equity,251.0,-0.0009124599150956062,0.026076720102803506,-0.068256161238546,-0.01802952352402589,-0.0018252231803345008,0.012721055115632134,0.0863916230366492,0.5553031790605969,1.9011231322851714
680884Q UN Equity,251.0,-0.001972610816390499,0.040899686438875676,-0.1762295081967212,-0.023725092874029043,0.0,0.021704128430545505,0.14388489208633093,1.5002377242385931,1.6533405187463877
EKDKQ UN Equity,251.0,-0.0016202135533460566,0.02549553920932959,-0.2478813559322034,-0.01378634224107335,-0.0020470829068577278,0.011351058534157125,0.06214039125431531,0.3817142308907038,1.0583163784100753
GDW UN Equity,251.0,0.003379451613665205,0.025296276841861084,-0.06679083969465649,-0.011284436803565747,0.0011843393891541212,0.01665747242007191,0.12780627802690583,0.8383166535842274,1.6510511363862306
TJX UN Equity,251.0,0.0018329756034622235,0.03459157452080225,-0.13553874160882926,-0.018703905000596717,0.0,0.019118666177489682,0.17647058823529413,0.9388408223472595,1.5109767768663105
AA UN Equity,251.0,-0.00023300879070895387,0.032435170633476555,-0.10009197676569807,-0.0210699912647119,-0.003466891189143692,0.017356771421495124,0.12999898194106332,0.6296489579844251,1.7453794816624495
LLTC UQ Equity,251.0,0.0023431408039240125,0.05216107059550334,-0.13649851632047477,-0.03344694915488422,-0.0017889087656529517,0.03732759132663789,0.17233560090702948,2.258657702232142,1.9300518565470102
THC UN Equity,251.0,0.00280487339419306,0.0280861563858804,-0.06563631877850133,-0.017930085647971238,0.0,0.02009929648822794,0.10000131250082027,0.3048370422856474,1.9216997257159543
355488Q UQ Equity,251.0,0.0009124550444787055,0.025235319753714174,-0.06609195402298851,-0.014804431691375701,0.0,0.013661610129001432,0.1398176291793313,0.8159669806884371,1.5811195715246502
LUMN UN Equity,251.0,-0.0005062856689481652,0.02929405392608826,-0.15517241379310345,-0.0166842091528284,0.0,0.014612881907376342,0.10606060606060606,0.7488556850217424,1.445163833976801
BMY UN Equity,251.0,0.0011347329264876666,0.033904182606630126,-0.23371506229932656,-0.01440612709526598,0.0020559814374247324,0.019313152349322467,0.15271845496731956,0.6424126416296729,1.1830614360829597
0772031D UN Equity,251.0,0.0006406526638261619,0.03936188974985139,-0.13953488372093023,-0.022477214302407105,0.0,0.019247483934703415,0.27628032345013476,1.0906088437241546,1.2386211336342428
UAWGQ UN Equity,251.0,0.0025142561016281047,0.06576961637528222,-0.1834862385321101,-0.017946254388089417,-0.0024691358024691358,0.01384833945162376,0.8795180722891566,1.160189097098296,0.5003798947083383
1051665D UN Equity,251.0,-0.0001841118054926397,0.026017658703850262,-0.07155963302752294,-0.01822474767131107,-0.0022624434389140274,0.015473342447026656,0.08584686774941995,0.5646104347147508,1.897246630741546
NEM UN Equity,251.0,-0.0007759584063501977,0.034763802948043154,-0.07267441860465117,-0.024054982817869417,-0.0033444816053511705,0.017371297673110155,0.13529411764705881,-0.49035215610430416,1.8606678982581593
DRI UN Equity,251.0,0.0014535290377004056,0.02632768529491021,-0.0691196996084534,-0.013057009837691097,0.0,0.016524715081571446,0.08417186329630269,0.40564042427323854,1.9255939684532906
BGEN UQ Equity,251.0,-0.00033223656897183294,0.04883893006887347,-0.18461538461538463,-0.03094500279173646,-0.0038114283623923097,0.02864206545598781,0.2023391812865497,1.5805972294924693,1.624316519262393
BNI UN Equity,251.0,0.0011254059813372748,0.028157259028387237,-0.08418367346938775,-0.0147493908806126,0.002352941176470588,0.014691704439168285,0.11428571428571428,0.7266546770166011,1.7065682027476556
1825471D UN Equity,251.0,-0.0014328731742276433,0.03183358176469365,-0.10023866348448687,-0.019153603138241326,-0.0051813471502590676,0.01667176223167218,0.10824742268041238,0.6768370758959674,1.8183596189645628
TXU US Equity,251.0,0.0011594526236399702,0.01840956775601842,-0.06161556449545658,-0.009718381701043803,0.002351173708920179,0.012452988433687497,0.07126042754785271,0.06128520882452385,1.726065152708991
3393199Q UN Equity,251.0,0.0013520454783025782,0.024789331865540967,-0.0824891461649783,-0.01390351076008436,0.0012787723785166241,0.018727232874424626,0.07491473341251594,0.2715423808007356,1.8569883482397394
544791Q UN Equity,251.0,-0.000745617527560313,0.02923661432204861,-0.07445008460236886,-0.020572100313479624,-0.0027100271002710027,0.01541997953907739,0.09322033898305085,0.6727641558585754,1.9495816554424623
ABKFQ UN Equity,251.0,0.0024928211326997614,0.025730702765468697,-0.07748273367289714,-0.014421230804899496,0.0,0.01564701674544463,0.096604598846372,0.8733135662731222,1.7772983895922385
HUM UN Equity,251.0,0.003792974952189166,0.04457014626765698,-0.18025132184302683,-0.02127659574468085,0.005939835217474553,0.02585296606421568,0.15779723812731564,0.8337633946063067,1.6488556125631886
1837572D UN Equity,251.0,-0.005432251006452778,0.04889618187064137,-0.3227078824378156,-0.028874591265129295,-0.009173152277939243,0.01851412353487794,0.14417161245917093,1.093289361211808,1.372539273418841
SNV UN Equity,251.0,0.0016803356671348843,0.023578331161000193,-0.07491785136630631,-0.013164391232929973,0.0028815535384513155,0.01636431762789401,0.09652544715922969,0.8484149549012803,1.7276509901175108
UNM UN Equity,251.0,0.0005049862644869216,0.042569606318078435,-0.40145985401459855,-0.01727267076884828,-0.0021231422505307855,0.018323596561912438,0.1743119266055046,0.46184174058574795,0.9760133998028682
SNA UN Equity,251.0,0.0005067854078507081,0.026806264255936647,-0.16091658084449023,-0.013953488372093023,-0.0020363307259680277,0.013972956270988827,0.10204081632653061,0.8366390068368416,1.3687695262003992
CCL UN Equity,251.0,-0.0008837862651486048,0.0394893303176713,-0.20053475935828877,-0.01980062191329797,-0.0026246719160104987,0.017289775441949352,0.141643059490085,0.8383633635466224,1.4949385386258331
ITT UN Equity,251.0,0.0009116218494791538,0.024924596399658695,-0.09046720151014619,-0.012964886042940422,0.0,0.011910393656069303,0.11158292529307785,0.6694925723303975,1.5511591578699067
1704453D UN Equity,251.0,-0.0003071743801934777,0.0277879263129363,-0.1199397422734818,-0.015134011669870353,-0.0013905292479107895,0.015650625432925152,0.11617882352941185,0.4016665178944211,1.5585083866985057
KSS UN Equity,251.0,0.0028398403666850987,0.03274802797261337,-0.0891089108910891,-0.019064780883733607,0.0023894862604540022,0.02197063195598633,0.11078372908733192,1.1616325326378696,1.8858772677189746
0544749D UN Equity,251.0,0.000838343655982813,0.02446250285259816,-0.0707654513039896,-0.01566764281038133,0.0010871952163410722,0.01596720849911009,0.08959159666070468,0.2529303262021475,1.8234930416243909
PCH UN Equity,251.0,-0.0007334945738710513,0.021838656832856414,-0.051876657573364356,-0.015960750796786848,-0.0037195635425438397,0.0126386399569945,0.07769085721088669,0.5824170549406431,1.9168570995357772
1280712D UQ Equity,251.0,0.001541710803498458,0.06497054819742475,-0.1870824053452116,-0.040328274895824356,-0.0034129692832764505,0.03947374415701568,0.3128834355828221,2.6016405273592693,1.667595708346523
MBI UN Equity,251.0,0.0017283376414625868,0.02422364287318447,-0.07994398871695789,-0.011383335870956586,0.0,0.01536458225288204,0.09322182131772376,0.7329490737587366,1.7279198314048454
HET UN Equity,251.0,0.0006382895825812524,0.030193513448751846,-0.12852664576802508,-0.016125679327651236,-0.0021008403361344537,0.017544459644322843,0.08996539792387544,0.5137500379340804,1.72540620133079
EHC UN Equity,251.0,0.005430888823118615,0.042983370960116334,-0.14678899082568808,-0.022233201581027668,0.0,0.02732919254658385,0.13924050632911392,0.825017135580674,1.7372374444636964
AVP UN Equity,251.0,0.0022049985220888107,0.034188314208489494,-0.1047764705882353,-0.016877648272841418,-0.00273224043715847,0.01833269316945138,0.19189699992494708,0.3300321530054434,1.460122257349898
CA UN Equity,251.0,-0.003851534549859828,0.04677069742329265,-0.4215686274509804,-0.024976007677543186,-0.005076142131979695,0.021041666666666667,0.15730337078651685,1.2850939500218859,1.0785295947134947
BDK UN Equity,251.0,-0.0004971890143994786,0.031593073468762264,-0.08307210031347963,-0.018996500692571264,-0.003289473684210526,0.013699200532978014,0.11012433392539965,0.9151402231704979,1.849193808142599
KSE UN Equity,251.0,0.0025458744335225604,0.016855501951338756,-0.0429553264604811,-0.00858384910109048,0.002053388090349076,0.011647141772426511,0.05719557195571956,0.20884309755974836,1.92208979322305
PX UN Equity,251.0,-4.9886601488607724e-05,0.028692854376151173,-0.10291453976617816,-0.01546549977784627,0.0,0.018042248889593764,0.10777374650568021,0.3893787062182678,1.6729487285549312
3026360Q UN Equity,251.0,0.0024437392449807222,0.06039335270189153,-0.16730038022813687,-0.03731802471721826,-0.003115264797507788,0.03611535202300721,0.22829964328180738,1.5594546387286177,1.7964769489804397
WAMUQ UN Equity,251.0,0.0033443811529339723,0.02782585000949849,-0.07746478873239436,-0.014087805176261979,0.0,0.01951111348363036,0.12250940170940162,0.8217801089052711,1.7240765338593045
EMN UN Equity,251.0,0.0005896942398535428,0.028378582284102852,-0.09618108841931301,-0.015270308404982464,-0.0014926939071383035,0.013506154255933475,0.1265138594587145,0.4832457601138668,1.6124966023794776
NWL UN Equity,251.0,-0.00037679934146302423,0.028622438074037658,-0.1409090909090909,-0.011765748107790863,0.0,0.011580810857932219,0.09879518072289156,0.558934000411944,1.5061770441962146
L UN Equity,251.0,0.0024881159024523927,0.02240807190452357,-0.07041018925312612,-0.010910774118008594,0.0009954153466245708,0.014270212392317178,0.08170214283167547,0.5297893591945931,1.7539195134262404
GE UN Equity,251.0,0.00010318575612783802,0.023342519658381567,-0.060673728623367285,-0.0141575496950368,0.00040763168031899476,0.014038914017365307,0.07450153679902928,1.0463734551585726,1.9637942403736268
VIAV UQ Equity,251.0,-0.0013049636043737602,0.06260343649066404,-0.25312294375798644,-0.04277504478791238,-0.008204456926520906,0.03203616002449087,0.23076931572997653,2.7237174444693015,1.6442594847418683
1649858D UQ Equity,251.0,0.0017545562701658122,0.03283408958023694,-0.1024390243902439,-0.018064546205279843,-0.0024752475247524753,0.020309484879284693,0.14245014245014245,0.8485420880939634,1.6805644573224177
INTC UQ Equity,251.0,-0.0005314451161101589,0.04300367665354421,-0.2203306855072181,-0.02622262319561971,0.0008673026886383347,0.02631782321509784,0.13177748054634944,1.8531706110176898,1.6017141897991036
PFE UN Equity,251.0,0.0017747822359486921,0.025051748243623932,-0.08627476072174001,-0.015483938341756757,0.0019587053387107012,0.015907165883179336,0.06743612008156333,0.38961308412077367,1.8684247700400711
PH UN Equity,251.0,7.48729473379276e-05,0.03104407319476483,-0.0924254545454545,-0.01662367813511943,-0.001950003046879879,0.01687698118461307,0.10273986676694077,0.9891033696087396,1.825504922420325
653707Q UN Equity,251.0,-0.0039082957991214105,0.033689194631349,-0.1375316273404877,-0.025374128897271503,-0.005505426145058583,0.015429086537855932,0.13594784806269167,0.949094740074342,1.6019316881332715
GWW UN Equity,251.0,-0.0004570584639234036,0.030569870236569985,-0.09725685785536159,-0.018995786729765048,-0.003081626112467026,0.018202360362867688,0.17228763558601493,0.725096309599726,1.5064006122891278
MCD UN Equity,251.0,-0.00029580883519663695,0.025096798123240872,-0.10833144952653662,-0.015852000894254384,0.0,0.014053688437962357,0.08899003155278802,0.41304477044137516,1.6324227459455583
8214761Q UN Equity,251.0,-0.00044638767576837953,0.022616080104785607,-0.06989173193635363,-0.013829161590512336,-0.001953193243838223,0.009865110851535939,0.0862333078925859,0.34174043989032865,1.77155773138753
NTRS UQ Equity,251.0,0.0024833094545966207,0.03431789706158352,-0.08687068114511352,-0.017387283963954087,0.0006258548790658045,0.01972104170579407,0.1902231668437832,1.1414950889231084,1.49056898946255
X UN Equity,251.0,-0.001917302674887637,0.026600090239418072,-0.07951807228915662,-0.020346911740354363,-0.003472222222222222,0.012008883184679391,0.12280701754385964,0.5673580048109758,1.6635346810021978
GPUI UN Equity,251.0,0.0011214633417784819,0.016588906280650965,-0.051597051597051594,-0.007353930618725946,0.0,0.008821584189231249,0.0935412026726058,0.2592421075579625,1.5156031002930912
XRX UN Equity,251.0,-0.005238569757871348,0.05004576834174043,-0.26530531304688393,-0.022683593451214852,-0.004879168734215542,0.015662493847757385,0.17105231615032396,0.9077130833947191,1.3556625976053487
HRB UN Equity,251.0,0.00031697730984897934,0.02655864038853447,-0.17914403323120862,-0.011246743514885995,-0.0014242543206945222,0.013045788633335421,0.09369930888034675,0.7626665576871756,1.2991024789387589
CTXS UQ Equity,251.0,-0.0012868867629211888,0.07320202774982536,-0.4597892503018549,-0.042525398891800806,-0.0035685401801484815,0.03893914320863996,0.24561122831374627,2.3600969906072162,1.4255855458487323
BLL UN Equity,251.0,0.0008574801890450366,0.023645823682102534,-0.08849116447666518,-0.013698458366496913,0.0,0.013179060083960963,0.09937986961361095,0.4023585846622383,1.61663665365446
BGGSQ UN Equity,251.0,-0.00028401899630647604,0.0254478456767614,-0.06528407643312094,-0.014165994963539173,-0.001739372822299559,0.012738853348059374,0.14028776978417265,0.5750455708814856,1.5705785033075665
MSFT UQ Equity,251.0,-0.003297322798279318,0.035511661729592185,-0.15597889978920063,-0.022165020920978228,-0.0025803786574870456,0.015221124568486375,0.1956521739130435,1.3650540157736804,1.395932145664758
CLX UN Equity,251.0,-0.0006727803767236086,0.03533342442228876,-0.1164640818620058,-0.018278905497548497,-0.0011866028708133515,0.01830505898457368,0.13240418118466898,0.823004791180658,1.716902644308979
DALRQ UN Equity,251.0,0.0003585120159757624,0.026324982621680433,-0.07415990730011587,-0.018007331970169203,0.0,0.017070532044213674,0.10260115606936417,0.5451363146070527,1.812003124907611
IPG UN Equity,251.0,-0.0006472210988097061,0.025544505694741367,-0.10186513629842181,-0.016017377101051434,0.0,0.014062534332359211,0.07692307692307693,0.771199450994918,1.7384321001056788
1028411Q UN Equity,251.0,-8.666386701598503e-05,0.028270047133000825,-0.07366771159874608,-0.017842501101289716,-0.0017953321364452424,0.0146566421167485,0.16556291390728478,0.6194542990425791,1.531778119693274
MMC UN Equity,251.0,0.0012733945111843856,0.029350759704226046,-0.1262135922330097,-0.014850959972733497,0.0,0.016808193749967247,0.13736389324960757,1.0542574085671725,1.4667662524162246
PCAR UQ Equity,251.0,0.0009418354547552494,0.03001744628827206,-0.10286347096978334,-0.015779827307346683,0.0,0.01676863836194232,0.1195404470368754,1.0146918686708213,1.6962523148913975
MMM UN Equity,251.0,0.0012324604274806144,0.022931713667593615,-0.05837362637362635,-0.011857393620861115,-0.0007209302325581118,0.012848521113580393,0.11072380952380957,0.5747103545609089,1.6529029507999533
RSHCQ UN Equity,251.0,-0.00010806793547895002,0.04043048109683712,-0.13676907829534193,-0.02508017417655972,0.0018214936247723133,0.028859149313129096,0.09973753280839895,0.9908296206755075,1.944082341615772
1255173D UN Equity,251.0,-0.00013425282586632066,0.02782916709147167,-0.08731808731808732,-0.01835996314523922,-0.001949317738791423,0.017445054945054946,0.0872865275142315,0.9246067854248988,1.8681503055863464
WBA UN Equity,251.0,0.0018577618372506686,0.026068227754997748,-0.08225108225108226,-0.012897270867634585,0.0,0.017771750050231065,0.09340659340659341,0.3452247800264667,1.7982256949477624
F UN Equity,251.0,-0.00228457265039284,0.03650609782798149,-0.3718120805369127,-0.01861577098178939,-0.002145922746781116,0.014785053077328861,0.11219617218077652,0.5620812538204362,0.9467505878092853
MCO UN Equity,251.0,0.000868599750060098,0.019804389649646106,-0.05995564525411892,-0.009685741088180114,0.0,0.01221796120515602,0.07156830511260885,0.45378111168715896,1.8014585567635355
MCK UN Equity,251.0,0.0021752381906030537,0.03085333811025806,-0.1455527426160338,-0.011767759353916524,0.0,0.016561575793803324,0.11720833333333329,0.27960078450381665,1.4778426103600415
1040983D UQ Equity,251.0,-0.0027204360708493257,0.07833099069589225,-0.312882399422543,-0.04984440984483969,-0.011583338922119206,0.030524318094398904,0.41989888293721433,2.442026545426723,1.399198833453789
NCR UN Equity,251.0,0.001408521056671963,0.0302853988502358,-0.10647121139411284,-0.01502752719863688,0.0012899986147666576,0.015520692091080732,0.14552337022599363,0.7477350278866867,1.5196464289293052
1086832D UN Equity,251.0,0.0018268406991487469,0.02300337532703927,-0.07174033010585451,-0.013513612914377781,0.0021692335930851344,0.015216013722833889,0.08313114784931054,0.20859394799446382,1.8074933838208191
EIX UN Equity,251.0,-0.0012366520159972927,0.03438298158857681,-0.3,-0.011970149253731344,0.0,0.012189082444997463,0.08786610878661087,0.35008008194081186,1.0649444203485923
DTE UN Equity,251.0,0.0012076193005474995,0.01888965565412875,-0.05,-0.007968633426988586,0.001644736842105263,0.010638346031444234,0.10185185185185185,0.15279800329264992,1.5951082559356395
HES UN Equity,251.0,0.0013961906158670666,0.021433220418326064,-0.06403635710164678,-0.012897034927591257,0.0009646376811594788,0.012116363629315995,0.06944444444444445,0.1072598706717337,1.8727428377014443
MTLQQ UN Equity,251.0,-0.0011687071746245697,0.026520708294948167,-0.10999281092739037,-0.018772205027624347,-0.0008726003490401396,0.015853692321447236,0.07692307692307693,0.8645059659753176,1.7769509946612259
SXCL UQ Equity,251.0,-0.00540088154623669,0.05377887747909418,-0.15288220551378437,-0.04081613339768529,-0.012578616352201368,0.025069637883008457,0.2061538461538461,1.680924894573497,1.7748954198821774
HAL UN Equity,251.0,0.00034200803532041856,0.03362826224784112,-0.10960720720720712,-0.019816565532111474,0.0,0.02246688877338987,0.1130952380952381,0.4140184508538085,1.828396201678819
TXN UN Equity,251.0,0.0009713834270103435,0.0517158569308057,-0.1142578125,-0.03430590550085501,-0.0064516129032258064,0.029954146730462518,0.24067796610169492,2.345315156127421,1.7432146212340043
ED UN Equity,251.0,0.0006946301119830177,0.01850343787686556,-0.05070993914807302,-0.01256326723856117,0.0,0.013071997991337644,0.06437768240343347,0.11181911995669547,1.8699600810908892
TRV UN Equity,251.0,0.0023358059061947367,0.02662294419059722,-0.08745247148288973,-0.014607780711290548,0.001894736842105335,0.015151579498313916,0.13876439790575912,0.7955261686616915,1.550120668196426
VSTNQ UN Equity,142.0,-0.00254291841928096,0.04154622436690179,-0.23376623376623376,-0.023529411764705882,0.0,0.02456507193041151,0.12244897959183673,0.6514873247640292,1.464741394468373
3403545Q UN Equity,251.0,0.0007136869628878153,0.030358789075845025,-0.14733542319749215,-0.015700483091787364,0.0,0.016772151898734176,0.11801242236024835,0.7949691416414221,1.4940692327633733
0910150D US Equity,251.0,0.0009403204119818244,0.032304108956684466,-0.08695652173913043,-0.02100470035252644,0.0,0.019230769230769232,0.1282051282051282,0.570462868074458,1.7905460475741948
DJ UN Equity,251.0,-0.0003892202631248743,0.018502646746289576,-0.09905163329820864,-0.010289668382079287,0.0,0.010075589764622042,0.058300395256917,0.33723994269768337,1.560397222735532
3133754Q UN Equity,251.0,-0.0002851147628450477,0.0281930490532009,-0.18867924528301888,-0.014273356401384083,0.0,0.01486988847583643,0.12844036697247707,0.7408653703847703,1.262934191958968
MRK UN Equity,251.0,0.0015846580240264202,0.024181970040457756,-0.058773469572892936,-0.014972235509075109,0.0,0.014303349431505213,0.09430174166035617,0.3881404310605118,1.8583194199292619
SWY UN Equity,251.0,0.0028370997021146794,0.03002955048799707,-0.09056529960226907,-0.015662744075011316,0.0013581552371437144,0.019691663595217825,0.1371770725986995,-0.015351860330233624,1.6675906379473593
3029830Q UQ Equity,251.0,0.0041229044971538824,0.060945498821531746,-0.1309823677581864,-0.03821673278038226,0.0,0.03716518382526009,0.25763358778625955,2.1172068841206615,1.8450370319403933
COC UN Equity,251.0,0.0012028150710048033,0.025937324605087284,-0.06588235294117648,-0.01463449457452884,-0.002352941176470588,0.013680120968949307,0.12640449438202248,0.23840785183456256,1.6660197577859424
NSC UN Equity,251.0,-0.0012631754730684538,0.027865800052788058,-0.0811965811965812,-0.017036220106802877,-0.003787878787878788,0.01184601351825432,0.124,0.5995307775233142,1.6747081120729477
AVY UN Equity,251.0,-0.0006620335592728655,0.027609210594678833,-0.1432896064581231,-0.01571976510518302,-0.000949667616334283,0.016017699031571322,0.08180839612486544,0.6608666047724404,1.5667873256740057
AIG UN Equity,251.0,0.0016716759259577604,0.023177679511707593,-0.08654899994022142,-0.010615419135389773,0.0005243896786951295,0.015997504664563553,0.09295962338528294,0.7871763295034679,1.6568796265809016
NOC UN Equity,251.0,0.0021038312599575486,0.024826527788518425,-0.09535597051068173,-0.01093234717320352,0.0,0.015040323683901742,0.08167726550079484,0.3974721401525413,1.7166960686839954
1858968D UN Equity,251.0,0.003798536041511985,0.03467958907340418,-0.23580786026200873,-0.017912627314864857,0.0016411167992274095,0.024870947556061652,0.14674086956521745,0.5957155804946994,1.2364070659370066
SWK UN Equity,251.0,0.0005946052543526245,0.023371955822451145,-0.05013746754238578,-0.016490932959526555,-0.002265127817926827,0.015132280366230311,0.07424456158586384,0.7240310622172141,2.026542600276051
3277Q UN Equity,251.0,0.0016449328143757801,0.028861853416023955,-0.07364836100468285,-0.018638798989445066,0.0,0.01697899302970183,0.10674389739346297,1.2118518705054162,1.8562716836318605
GBLXQ UN Equity,37.0,-0.007022215056383417,0.08418214593798198,-0.1606425702811245,-0.06493506493506493,-0.024630541871921183,0.045454545454545456,0.18725099601593626,3.1434967919323062,2.1038759643332736
CMVT UQ Equity,251.0,0.0028568246711385336,0.05464202300876154,-0.14945794598769685,-0.03736280129021975,0.008662867668220825,0.03614287066249047,0.1928867071520898,2.1210657688676027,1.8744408844141507
SAPE UQ Equity,251.0,-0.004005099343687548,0.07580874945957694,-0.2745807531380753,-0.04865588885773915,-0.0058507152145643344,0.03187850710988747,0.28740283464566935,2.335483011235134,1.6668114477795226
PG UN Equity,251.0,-0.0006305671654395939,0.033476551315949996,-0.31379635305635106,-0.012180961676576736,-0.000533333333333305,0.014120098491246121,0.10179640718562874,0.31105424472795257,1.0185230125817293
JNS UN Equity,130.0,0.0013732744105887237,0.04879989759566086,-0.10044977511244378,-0.029991780821917807,0.0,0.023022778793669058,0.17077464788732394,2.2200525545373977,1.9216930060272799
1528159D UN Equity,251.0,-4.856030457497517e-05,0.03513673513511326,-0.18159806295399517,-0.019637578717388512,0.0,0.020091743119266058,0.13043478260869565,0.6702275257793113,1.5279806512512408
EMR UN Equity,251.0,0.0015084995466079578,0.02273216817298312,-0.05308725868725864,-0.013346347066820797,0.000972427184466071,0.014540269489171666,0.09370763808444031,0.5384784068817091,1.8189440679530515
CSCO UQ Equity,251.0,-0.0004750738920010343,0.04275238959542154,-0.12574850299401197,-0.030453820212495923,-0.0013741521539871434,0.027125091476418346,0.16666666666666666,2.1056133891318853,1.7615548631452025
CMCSK UQ Equity,251.0,-2.1594234253350272e-05,0.03698076351971959,-0.10490558375634523,-0.020749271223238486,-0.0015860518718834743,0.018912747370031922,0.11961292863747267,1.0801231487148788,1.8880111767893741
STT UN Equity,251.0,0.00283163712485475,0.03279136944820107,-0.11222544550352263,-0.014848121143283818,0.0015259020654232276,0.022773853452850767,0.1785405273263144,1.2212789417126493,1.5198843221463352
RTX UN Equity,251.0,0.0012546460711326342,0.02618726370986619,-0.06979723707664866,-0.01658833034268182,0.0,0.018815076542141394,0.09886602838324163,0.7005767865802678,1.8442331765928837
TIN UN Equity,251.0,-0.000414993701215886,0.025722728340089707,-0.07416511216016917,-0.018233312331969637,-0.001260930347304059,0.01359747358502663,0.10281456699559553,0.5436454269284116,1.7802298337433278
2727195Q UN Equity,251.0,0.002214365532313797,0.02748678992130694,-0.0950965824665676,-0.015154994259471873,0.00196078431372549,0.019919707639778062,0.08307692307692308,1.0182981655110328,1.843934936531865
3346Q UN Equity,251.0,0.0015169740227380958,0.031182596979876284,-0.0838150289017341,-0.01662062615101289,0.0,0.018356867779204106,0.10452961672473868,0.8379873579775832,1.888911004624318
AFL UN Equity,251.0,0.002239314647030964,0.026029208291711976,-0.06841556118646601,-0.013396562973960127,0.0,0.018895159120219183,0.14955923600908222,0.5495566100330525,1.583382716606635
QTRN UQ Equity,251.0,0.0017153213068852435,0.04972521480045049,-0.17506631299734748,-0.030418690724034234,0.0,0.028321045541948156,0.2037037037037037,1.0543488588773628,1.6219643716912073
ROK UN Equity,251.0,0.00033658304396349403,0.030699127411527895,-0.20132056784417296,-0.014846350039311167,0.0,0.014709833574228056,0.14363376251788262,0.684280727828399,1.2045037908758396
COST UQ Equity,251.0,0.000327868296403597,0.03871424158620875,-0.2153846153846154,-0.02659867577918987,0.0,0.025865221426331707,0.15007041765751622,1.226083624127165,1.4129460553528224
UN UN Equity,251.0,0.0009218579698615816,0.024733928181644004,-0.07361333333333336,-0.012167864301515424,0.0,0.015832093122762264,0.12064214102823499,0.3363526173823701,1.6351270057129792
BBY UN Equity,251.0,-0.0009557540284166211,0.055366245951204415,-0.3878287467028671,-0.02932722581184483,0.0,0.03367759535590317,0.12759919561467084,1.731194020727539,1.4193512056047088
WMB UN Equity,251.0,0.0014914172988699033,0.031122300236662424,-0.13218413716753102,-0.017977150169509952,0.0013545947913086664,0.019332294854856682,0.13878654092746195,0.7006212954582249,1.4862706764958553
AGN UN Equity,251.0,0.00215501211182851,0.035854547918162276,-0.18908382066276802,-0.01817984553033951,-0.0012462311557788464,0.020407988222481924,0.15042618865573576,0.6635503372823097,1.4197675479840024
HBAN UQ Equity,251.0,-0.0004988486609617906,0.028954897403116235,-0.16666666666666666,-0.017712174702266978,-0.0033546344747752204,0.016973321946100836,0.10429967098072392,0.8406161480198725,1.4754025757423386
LEHMQ UN Equity,251.0,0.003014753139116449,0.04186316698305892,-0.1870811583716644,-0.02593737652500596,0.001728828773916758,0.029627168625508255,0.13808950409297288,1.8427194887337088,1.6486640339818726
XLNX UQ Equity,251.0,0.0016832329342524684,0.05868137099385286,-0.2109004739336493,-0.037292490118577076,0.005257623554153523,0.04319788717076072,0.1415929203539823,2.565416677724207,1.9032627306048688
KG UN Equity,153.0,0.003669917451193604,0.04460452336361663,-0.19669817272676585,-0.02235663956639563,0.0020833333333333333,0.028129416318361983,0.16342378537217042,0.7874554482956404,1.5720247566365846
AYE UN Equity,251.0,0.002644594740022822,0.019740787646838145,-0.047058823529411764,-0.009349060725207515,0.0017761989342806395,0.015200886541544846,0.09610389610389611,0.14164611323553622,1.692186859147327
605555Q UN Equity,251.0,0.001125895186105317,0.034069920743460914,-0.08103975535168195,-0.020962748427044844,0.000610500610500706,0.020849029266879166,0.23565573770491804,0.6733758970056295,1.4683033332318456
APD UN Equity,251.0,0.0013006779001377127,0.028898838903548666,-0.07705806936559839,-0.016891989554362195,0.0,0.017285629356424095,0.11422675406652107,0.5978661431061429,1.7865549462128096
HPC US Equity,251.0,-0.0008286911208806718,0.03265017190693113,-0.10850439882697947,-0.020161618132448822,-0.003472222222222222,0.014167670279673491,0.14893617021276595,0.5389024930468779,1.5659842059809024
0961514D UN Equity,251.0,0.0021453631752301728,0.017804244417343452,-0.05749128919860627,-0.009775180406066536,0.0,0.013475106348288794,0.0778688524590164,0.20336046188814746,1.6512871880518591
CPNLQ UN Equity,251.0,0.004837313831067805,0.041613705880349176,-0.17098369232809885,-0.015422804449648681,0.006818181818181818,0.03214464619183783,0.1402936378466558,0.7298396068186379,1.6914519542095432
DIS UN Equity,251.0,0.00029294562395921846,0.029099139868193714,-0.15593092701052916,-0.016763528911803792,0.0,0.015431748737619187,0.15230283788658197,0.47070648392638537,1.2604787472344436
RHI UN Equity,251.0,0.0033562891046315566,0.04192894657977444,-0.12292358803986711,-0.015198787934214902,0.0,0.018873345552362,0.41628279069767454,0.6119447613349595,0.9763011428001184
UNH UN Equity,251.0,0.0036443557352050407,0.02651508385615557,-0.08486366165831935,-0.014002068036017539,0.0015081534546140083,0.02252456871825441,0.1110466801971586,0.7007027618708481,1.6911105232088226
929530Q UN Equity,251.0,0.0022562128699586577,0.027717221591766556,-0.07317314296418098,-0.015415661893210034,0.0015848101265823625,0.019113854527782435,0.0769199945044879,0.12524228929885828,2.0157630558425006
EMC UN Equity,251.0,0.001403588048440183,0.04086358868729357,-0.11706369491872003,-0.028827179155296683,-0.0011217616247368315,0.029661077049945472,0.15189879970458528,1.8726259325112666,1.8242302494780815
NCC UN Equity,251.0,0.001381870501611792,0.025630706635286972,-0.09006211180124224,-0.01322924866614187,0.0,0.015314258911819888,0.09868421052631579,0.8653591473969786,1.7199119232097646
FBF UN Equity,251.0,0.0009354203710169129,0.03142877482749038,-0.087248322147651,-0.0198502722323049,-0.001652892561983471,0.017621159053083937,0.12378640776699029,1.263846591624771,1.8062121660561716
PEP UN Equity,251.0,0.001412248079162852,0.021682496866293397,-0.06611570247933884,-0.012641845806141501,0.0,0.01551897460574381,0.07941214807090724,0.13848933964970392,1.8321148536422287
BAX UN Equity,251.0,0.0019136874442505921,0.023886264127018653,-0.11673501511950614,-0.012098742725670138,0.001866205712020936,0.013741984848439276,0.0914328496559593,0.27897167523956157,1.5336804087687321
IFF UN Equity,251.0,-0.0019173011611587935,0.024682051590698712,-0.15961445783132536,-0.012207743453126158,-0.0018701021135123007,0.010787613304616762,0.08636144578313261,0.5527964983082828,1.305159852699687
228510Q UN Equity,251.0,0.0006963001512964425,0.034088177019075065,-0.08128834355828221,-0.01661589714801079,-0.0022222222222222222,0.012238002019924938,0.32194244604316546,0.5407094487505304,1.0964322406838378
D UN Equity,251.0,0.0024153985108904164,0.018287563828981855,-0.0560236786469344,-0.008495125895125851,0.0030721890698886143,0.013744090686084714,0.057434916206382934,0.06484617855899968,1.8807233231052454
BBBY UQ Equity,251.0,0.0025070175954065264,0.05181456545676358,-0.1181704117714155,-0.029776647793940736,0.0020357723577235694,0.0276782937736499,0.30223880597014924,1.5266523437249837,1.5594464489701285
PPL UN Equity,251.0,0.0030986004977978255,0.02295121582403207,-0.04863527734686181,-0.012058116873390024,0.004219685560672518,0.017071737265375572,0.07770813430575316,0.18904942597225383,2.0065780188874043
ADSK UQ Equity,251.0,3.446511674820227e-05,0.04217062585013253,-0.20949116527326309,-0.02608753922985306,0.0,0.023617157591647994,0.16895261845386544,1.1855126655316683,1.4950844587251761
VMC UN Equity,251.0,0.0009510265436616958,0.018649689950103385,-0.06350270270270265,-0.009993560654776329,-0.001336927223719625,0.011489926733333215,0.08602044828942194,0.4351000423591825,1.6228270924849493
MER UN Equity,251.0,0.002623789525735346,0.03265556968055721,-0.08745247148288973,-0.020805297443152286,0.0008880994671403197,0.02485677320322352,0.10555555555555556,1.3883916068973305,1.9187634287832978
XOM UN Equity,251.0,0.0006245536214833476,0.02054710102591161,-0.045214715641639015,-0.012512081938412644,0.0,0.011851942048978057,0.11053832316939406,0.10897370947752985,1.6641561389980908
502466Q US Equity,251.0,0.0026641673496757322,0.02994232380826308,-0.08333333333333333,-0.01752617795017742,0.001713793708594744,0.020688680837995643,0.14285714285714285,0.2987660145233479,1.6796066591796572
AMD UN Equity,251.0,0.0009443821264293172,0.053788331719109246,-0.11375570110845969,-0.03801884269056417,-0.00358537223183117,0.031158655000611123,0.20344827586206896,1.6963966226076885,1.9074222993088537
987200Q UN Equity,251.0,0.0005831114975534217,0.028755527557149087,-0.0635593220338983,-0.01689943635490998,0.0,0.012793409620971372,0.13839285714285715,0.7848474069444534,1.6809625643643893
ATI UN Equity,251.0,-0.000926418743735663,0.028395433946304432,-0.1646586345381526,-0.01519883213836943,-0.0026666666666666666,0.014448099263022027,0.11144578313253012,0.49137168070188714,1.4145339779275004
EP UN Equity,251.0,0.002856448227279557,0.025711893218380057,-0.07507218479307026,-0.014784236581848735,0.0018726591760299626,0.01684971049998009,0.07540983606557378,0.2753015481961647,1.9328242188979288
1312089D UN Equity,251.0,-0.00022130003938455674,0.03095303095745079,-0.26814516129032256,-0.015504108889322897,-0.0017921146953405018,0.013828560813431898,0.09948979591836735,0.27100646606617657,1.1133156646360471
GTW UN Equity,251.0,-0.00400103159019599,0.05100567282508015,-0.3559322033898305,-0.03371469505412191,-0.0020876826722338203,0.019935989366539557,0.2172816869126747,1.6385542099574193,1.2071972176825438
AEP UN Equity,251.0,0.0017621530416123184,0.020179595206673253,-0.04431599229287091,-0.010991555605894716,0.0,0.015232725416492645,0.07608695652173914,0.15731158846276339,1.9111472681251425
CNP UN Equity,251.0,0.0029204791264841566,0.023056084871128358,-0.07121611434782356,-0.01123577387913387,0.001909050859072852,0.01754126522714488,0.07438330376663457,0.10558820284179618,1.8541409934560433
BLS UN Equity,251.0,-0.00015672444463237114,0.0255988777587407,-0.1446700507614213,-0.015841853268937257,-0.0013386880856760374,0.014717625926825371,0.08345323741007195,0.5102173863813786,1.5033015348501353
HAS US Equity,251.0,-0.0014947050519160386,0.03635557732347,-0.24313725490196078,-0.016576609579631835,0.0,0.016856060606060604,0.11618257261410789,0.5546130624132212,1.2826192797775005
PEG UN Equity,251.0,0.0015960040427589028,0.018883336737050213,-0.06479459250248812,-0.010282769777778845,0.0017924544561450932,0.012620614888247863,0.07482603237720681,0.09687429578689612,1.6570986077955059
3286728Q UN Equity,251.0,0.0038504612158261546,0.06294420108122288,-0.2505854800936768,-0.03296558410082404,-0.00110803324099723,0.03934029443978417,0.21739130434782608,1.5052409382804186,1.669895154299982
NKE UN Equity,251.0,0.0011821297928145294,0.03426004638488222,-0.18924031610770295,-0.019040923404565972,0.0014141707157878716,0.02002049311000684,0.15368205241868466,0.5971279592062257,1.3859237726072446
PTV UN Equity,251.0,0.000982742197674753,0.029178522457735362,-0.08270676691729323,-0.015483896747382722,0.0,0.015749007936507936,0.11450381679389313,0.6537627580088049,1.7793389961112474
1683351D UQ Equity,251.0,0.0017550304246473924,0.06028760981188653,-0.23670490093847757,-0.03138572496288821,0.001277139208173691,0.03506227923405837,0.3,1.9643593488954074,1.536826108150778
739306Q UN Equity,251.0,0.001898470964761692,0.028232255950396686,-0.1636895095810328,-0.008721389033088606,0.0,0.008956152822214,0.30505952380952384,0.39131907911878216,0.6264526738945227
LOW UN Equity,251.0,-0.00037889801017456493,0.032358981165848615,-0.07776060629873129,-0.019744478282434266,-0.0014769230769229983,0.01940159663447906,0.10482781755104564,1.0910096344343956,1.9684214625697831
2307532Q UQ Equity,251.0,-0.0009579805251330568,0.061086867154956766,-0.44489247311827956,-0.026265866445916115,-0.0025523809523809973,0.027994983718771824,0.18309859154929578,1.968401130087637,1.2317752612376813
0848680D UN Equity,251.0,-0.004144888111809433,0.032655632386042986,-0.13279412608271662,-0.0235735458668273,-0.006684962708757773,0.013410968400573944,0.08018654030959695,0.8094100371446613,1.8063244101118312
PNC UN Equity,251.0,0.0025295884710585157,0.02628616018965046,-0.05311542390194075,-0.015081470253884047,0.0,0.017867784777796696,0.1234375,0.9672982444510677,1.777203709369915
GPC UN Equity,251.0,0.0005125995578979615,0.01886576962888429,-0.057750759878419454,-0.009631041945789962,-0.0026954177897574125,0.009389878328337153,0.07975460122699386,0.5850578067253069,1.653547945173797
MRO UN Equity,251.0,0.0008753190850090181,0.026097013035336732,-0.06879848726217769,-0.015436110470439777,0.0,0.01785675389548535,0.09091282500650351,0.1835643421836296,1.8907104396144652
1789494D UN Equity,251.0,0.00030191079400952795,0.033959687189784975,-0.15000043390348244,-0.016949394230481418,0.0,0.015503476161987112,0.22661459006428208,0.6959809971936713,1.2892654537705786
AAPL UQ Equity,251.0,-0.0034458433968132464,0.05502217085683936,-0.5183246073298429,-0.03437090272072947,-0.002032520325203254,0.02802321083172144,0.13782991202346043,1.760066272802174,1.1068422080807425
TUP UN Equity,251.0,0.001398716186371023,0.03142448295911727,-0.08015267175572519,-0.01867415260147859,0.0,0.01694023569023569,0.10714285714285714,0.7017006004992756,1.8706839719359407
BK UN Equity,251.0,0.002060236937067839,0.03061955465080458,-0.085506526689753,-0.020557575768761636,0.0011673467372482716,0.01937947288512408,0.16518582466902246,1.0637596319430298,1.5747610706440744
ETS UN Equity,251.0,-0.00042788697766519385,0.05892968736493143,-0.4136125654450262,-0.02974524713581546,0.0,0.02982546847311605,0.1928934010152285,1.859077649839946,1.3413644680739019
SHW UN Equity,251.0,0.001413385185533606,0.026515455513907937,-0.05759162303664921,-0.01628676778780717,0.0,0.01598290785309879,0.12142857142857143,0.7418789688256375,1.7686316621706402
FMCC UN Equity,251.0,0.0021701172605846693,0.028968644726849496,-0.06147540983606557,-0.0168072501863549,0.0,0.0168684837213999,0.11859443631039532,0.854565529250751,1.8458507359749643
MEDI UQ Equity,251.0,0.0011912078612463194,0.05467936218706424,-0.26537216828478966,-0.029636240902509416,0.00034380165289258285,0.039174672053389245,0.16796068860661875,1.6815273326199418,1.644581031189705
MDT UN Equity,251.0,0.0025898588691180193,0.026848861750497017,-0.08004509582863585,-0.014186792296186227,0.0024449877750611247,0.017445341516123904,0.1118421052631579,0.676605890578713,1.721510746152887
PHM UN Equity,251.0,0.0032110586666034557,0.030466506428327277,-0.06300082411320163,-0.01611192212013353,0.0,0.01780115662991969,0.16085927466859115,0.9239363444976023,1.6806772582391616
SVU UN Equity,251.0,-0.0008652968043680371,0.030517987731837514,-0.21299638989169675,-0.018776597243750526,0.0,0.015558998317619007,0.09251101321585903,0.0869538937391028,1.3278987185693545
KO UN Equity,251.0,0.0006771136956396503,0.0268884408393101,-0.07934880268760498,-0.01704700236114519,-0.0021574935792991077,0.015146176783368472,0.10290086956521746,0.17821035164862625,1.781165325870538
GPS UN Equity,251.0,-0.001167728313838528,0.04346212421011794,-0.20757825370675453,-0.027763893041333434,-0.003389830508474576,0.02301337618541068,0.1308411214953271,0.8901213397587018,1.6060883052470445
QLGC UQ Equity,251.0,0.0026363641355434016,0.0827867701651924,-0.2520332687597061,-0.054595720498077385,-0.0009946359568843318,0.0504850466629595,0.28785019920318733,3.0642004944289543,1.8167356811325326
1541931D UQ Equity,251.0,0.0021130233985212437,0.06472692655497281,-0.2706422018348624,-0.04333229169170613,0.0021774847610924685,0.042432498384244274,0.18547003610108306,2.721426627020897,1.7403463355230124
RDPL UN Equity,251.0,0.00026331620519837303,0.01919783875313286,-0.0681586978636826,-0.010121467858705128,0.0010235414534288639,0.013299626665215943,0.06140350877192982,0.27124429336517736,1.769996627827704
TER UN Equity,251.0,-0.0002403978885314529,0.059474120101728416,-0.27404718693284935,-0.037750617567645195,-0.006896551724137931,0.03091788363024696,0.16810344827586207,1.9962973967239153,1.6654677053807372
INCLF UN Equity,251.0,-0.000812045482288967,0.0305407308504838,-0.07692307692307693,-0.02121912422341607,-0.0034602076124567475,0.017520077753337766,0.16182572614107885,0.2516279947365723,1.6571221377257084
ROH UN Equity,251.0,0.00015524287894315945,0.03379712454103293,-0.17148014440433212,-0.0193378198737122,0.0,0.020315033788657857,0.10550458715596331,0.6141746820409238,1.5755194054259714
STI UN Equity,251.0,0.0002591248190863733,0.026369725807077027,-0.08728448275862069,-0.017351215086826324,-0.002331002331002331,0.017024591075998664,0.09891435464414958,0.9291502289024306,1.7222882156865498
AW UN Equity,251.0,0.0031516861782072817,0.044889233027803545,-0.10833333333333334,-0.025238853503184715,0.0,0.023859216393131582,0.21710526315789475,0.6051744447779687,1.6719855608613639
TNB UN Equity,251.0,-0.0020254373958576368,0.032386701643740745,-0.28438228438228436,-0.017699201675942106,-0.004056795131845842,0.011215110002410725,0.14803625377643503,0.8430985398153398,0.9515576071101988
ECL UN Equity,251.0,0.00074397601831832,0.020106048652663123,-0.07128612208188323,-0.011329450170349448,0.0,0.011049714674125601,0.06333646576133345,0.5352288927455765,1.8063744577078695
3022239Q UN Equity,251.0,0.0014141454788438154,0.0264191061216142,-0.07190987576331849,-0.014781597372155736,0.0,0.013098828809661317,0.12604414846284132,0.47541368985081245,1.6544803842091407
ETR UN Equity,251.0,0.00245592637878206,0.027938814918369255,-0.17791411042944785,-0.013458036082629826,0.0023584905660377358,0.01905378151260504,0.10599078341013825,0.0703772119672581,1.3211118132161797
TGT UN Equity,251.0,0.00010249944619370524,0.0329815795854462,-0.10580912863070539,-0.02151876515493647,0.0,0.01989010989010989,0.111328125,0.9568309658411244,1.821726527519541
HD UN Equity,251.0,-0.0007258344700045061,0.0361699917387982,-0.2873636029261515,-0.021279778442156186,-0.0012883116883116387,0.021397526071203023,0.09699547788763696,1.2355155257043686,1.2668676434390211
BIG UN Equity,251.0,-0.000980649589864203,0.03153966766635508,-0.08571428571428572,-0.019324122479462285,0.0,0.013860435339308579,0.15151515151515152,0.6715638729138904,1.6758267935687021
KR UN Equity,251.0,0.0018303683909580409,0.02869425273015874,-0.0705472392638037,-0.01712118636905663,-0.00286896551724139,0.020991478446244972,0.07518796992481203,0.27141802056659614,2.0440468331812967
1284849D UN Equity,251.0,0.0030554440719178055,0.027805998759721586,-0.09662176090093341,-0.012058872184584596,0.002335995281444679,0.018226622139608524,0.09778183896895784,0.3804619088481462,1.7377665631508734
NRTLQ UN Equity,251.0,-0.0006085760634838286,0.04840817116795146,-0.2912142152023692,-0.03275560224089636,0.0,0.024681495405179617,0.1429618768328446,1.8804717327573435,1.4836095826287532
CMS UN Equity,251.0,0.0006338358734900505,0.02573368890254762,-0.22083333333333333,-0.009662061239731142,0.0,0.014234030852942028,0.07142857142857142,0.09834321304919681,1.1787217855791983
SBUX UQ Equity,251.0,0.003091476166395606,0.039030446898554366,-0.1842298394059747,-0.01869227019201903,0.0017236830533812972,0.02156805522316553,0.1351974949184199,1.1459974225421856,1.5628909241436848
CVX UN Equity,251.0,0.00022675187227574745,0.01953097206493052,-0.044876535675050795,-0.012311483084869212,-0.0007980866319214678,0.01156603887542171,0.10810810810810811,0.11681742918439554,1.6249284854749688
ENRNQ UN Equity,251.0,0.0031998747543528373,0.03548075375255423,-0.11045029736618521,-0.016431280678268628,0.002883922134102379,0.02112920831668394,0.2570093457943925,0.5096615022847001,1.2974844573646485
AZA UN Equity,251.0,0.004216763343727644,0.03206295482894947,-0.06901408450704226,-0.01871964017990997,0.002864122137404631,0.024669741282773366,0.12258064516129032,0.6121994059763463,1.9180437477060117
DUK UN Equity,251.0,0.002454903920862111,0.01926161473252608,-0.044998680874140724,-0.010239618378035996,0.0026938537664569027,0.0151191913288472,0.054667995563828675,0.19568504913300183,2.035411643272267
OMX UN Equity,251.0,-0.00015005807754949705,0.03277669563151025,-0.07518796992481203,-0.021367521367521368,-0.003656307129798903,0.020964452726697374,0.10985915492957747,0.5457737246901122,1.9421221476958617
LXK UN Equity,251.0,-0.0012708106449605583,0.05463300560237796,-0.291319857312723,-0.02914677700851836,-0.001985440105890139,0.023893434823977162,0.1885593220338983,1.1360319104379386,1.4879591736097708
JNJ UN Equity,251.0,0.000751356797092455,0.02145477396969549,-0.109375,-0.010993557764715799,0.001249217989538549,0.014218257245044101,0.06406685236768803,0.3092395554516017,1.615960782687886
WNDXQ UN Equity,251.0,-0.0004910170178922825,0.02580118608360011,-0.08504398826979472,-0.017204380642296877,-0.002849002849002849,0.013158147856029857,0.07659574468085106,0.07256659812820099,1.843174780592593
1518855D US Equity,251.0,-0.008563802896872625,0.06441035286149509,-0.5163231807404706,-0.041874698365564025,-0.010728654447921324,0.02845583393506845,0.18424170616113744,2.095725697578139,1.2471504396140958
DLX UN Equity,251.0,-5.442318376020307e-06,0.021582154840132924,-0.056233761785702066,-0.013557601341645492,0.0,0.011202779615269453,0.08333374207250388,0.47762871849658356,1.8260826589591495
DDS UN Equity,251.0,-0.001645326284049643,0.030095531658411962,-0.10695187165775401,-0.017857142857142856,-0.004166666666666667,0.013667496886674967,0.1125,0.7321712831983844,1.6992307398413304
VTSS UQ Equity,251.0,0.0025193695156682312,0.07286342823528835,-0.1822429906542056,-0.04410823256593499,-0.0011325028312570782,0.04594832251082251,0.336,2.6030738076846025,1.7362122481903173
LLY UN Equity,251.0,0.001964875701566095,0.03269386893723382,-0.30915371329879104,-0.013487276470983193,0.0016233766233766235,0.019039915692227384,0.17647058823529413,0.3115387677526485,0.847713822974346
2987536Q UN Equity,251.0,0.0003987302150129146,0.04617165389134143,-0.13591447463733455,-0.027588769955313584,0.0,0.024527000397011604,0.2603301482146311,1.113959276250319,1.5506251579504324
3075558Q UN Equity,251.0,0.0015308085468530666,0.028222507552527927,-0.07075471698113207,-0.016747274132158086,0.0,0.015293394085341557,0.12244897959183673,0.9624521327589989,1.7428717819346289
STJ UN Equity,251.0,0.0032293225199485623,0.02802396080850254,-0.10194221932223628,-0.013190671715739077,0.0016103225806450756,0.020016801549333718,0.16877045348293593,0.6460173810756886,1.4378496097732536
3605818Q UN Equity,251.0,0.0019167519471915396,0.0288852244398473,-0.0880952380952381,-0.016592470251733823,0.0,0.017702007503964723,0.10220994475138122,0.5308735451955011,1.816664012101227
AZO UN Equity,251.0,0.00010543057020827553,0.027834588353360067,-0.08333333333333333,-0.015464523169033363,0.002334073711553709,0.013580913651942344,0.13454069571090854,0.7062879411657166,1.642902823875584
ABT UN Equity,251.0,0.001586324163127606,0.023602070443125463,-0.07117012605603727,-0.013711706802870118,0.0,0.017769344874808666,0.06418116719226069,0.2655717077498798,1.9133334431599178
TT UN Equity,251.0,-0.0003920569212488754,0.03313232420975621,-0.1269463001887727,-0.02079022888496196,-0.0033221735771311184,0.019125727122386242,0.1170697275767607,0.9008311511485771,1.6861128715363856
PDG UN Equity,251.0,0.00027666096605735154,0.03602717137615854,-0.07643312101910828,-0.02158273381294964,-0.006622516556291391,0.014815627743634766,0.24285714285714285,-0.551453210076547,1.4576204612791368
TWX UN Equity,251.0,-0.002694532347393428,0.038671658459678966,-0.1712608483516652,-0.02578362157735486,-0.005307434699843233,0.02099746401264331,0.1435774673988415,1.3347581642732214,1.5767884831702565
SPGI UN Equity,251.0,0.0003175972115021347,0.024961909918966765,-0.0663265306122449,-0.01574946299650893,0.0,0.012120480153356091,0.14329824561403504,0.49355354651575944,1.5261452869509706
BOL UN Equity,251.0,-0.001100233617426309,0.03731191817864056,-0.35874439461883406,-0.014714784376104632,0.0,0.015243285093204693,0.07555555555555556,0.2064957044895221,1.0416017821736874
BEN UN Equity,251.0,0.001130695527973803,0.028316225684463157,-0.0894399697745109,-0.01859292025502774,0.0,0.019076425841674224,0.11166297434431502,1.0234155218800316,1.756747853068449
HNZ UN Equity,251.0,0.0010811465090627714,0.023843372383437676,-0.08245575772681943,-0.015516866207382636,0.0,0.014828629225275808,0.10865491223422517,0.0433225937217803,1.6212873756114856
KLAC UQ Equity,251.0,0.00015981061153411743,0.0645053756906067,-0.16987179487179488,-0.0449860539924264,0.006711409395973154,0.035090676771452514,0.23076923076923078,2.8150009607140936,1.8690585182078998
DE UN Equity,251.0,0.0007240902108737943,0.030488363246919444,-0.11151996630357214,-0.01855746531137307,-0.0014553935860057534,0.01696903593846022,0.1522633744855967,0.5157427501276313,1.510756370222248
JWN UN Equity,251.0,-0.0006287872960302295,0.038853564628634756,-0.19436982819232362,-0.023811290322580655,-0.003515492957746492,0.021745932320839052,0.14484615110350482,1.074205301951106,1.5069964312057655
ETN UN Equity,251.0,0.0004927441359116998,0.024304272439630268,-0.0665063060720323,-0.013922129557413631,-0.001509707250494459,0.011356815619220001,0.18971178658566612,0.6777150391701483,1.27174555933012
SYK UN Equity,251.0,0.0020878542430154594,0.03257699546744585,-0.1751249096565378,-0.01420845948985286,0.0014791076050781906,0.018056581196581233,0.20226796116504864,0.6114518838231984,1.2151491041243356
PAYX UQ Equity,251.0,0.0031391058272552757,0.038677594163425005,-0.11459741926611813,-0.02056935739636034,0.0,0.026901182061607402,0.14285714285714285,1.0210717537561145,1.7933633277690133
CNCEQ UN Equity,251.0,0.000826736030532875,0.0624432265226639,-0.20765027322404372,-0.031830462681526506,-0.007874015748031496,0.023487348734873487,0.26582278481012656,0.7959584814094576,1.5831800377548315
NAV UN Equity,251.0,-0.0014969022940985702,0.03775186710887238,-0.32276119402985076,-0.016817410966647822,-0.003663003663003663,0.01450494008829094,0.21920668058455114,0.4246805352417768,0.9741202931880432
EFX UN Equity,251.0,0.0012706691123975668,0.02384132488440725,-0.07902538946687497,-0.012004460731151944,0.0,0.013180812267772679,0.12175023954008309,0.6689740372459532,1.557503075912435
A UN Equity,251.0,0.0010549800422819137,0.06532922068091919,-0.34931442791734096,-0.03413760857262298,-0.005466342254663361,0.03498565510479587,0.3922803235386251,1.7112894197566644,1.2452375656386019
945852Q UN Equity,251.0,-0.002606635982991169,0.043634929428746104,-0.2205128205128205,-0.027438089829649154,0.0010515247108307045,0.023420359806932866,0.14171122994652408,0.9624223327783412,1.530479648466773
C UN Equity,251.0,0.001330664870394152,0.025505808531907523,-0.07243457700347429,-0.016825901031251395,0.0,0.019575679515828802,0.09232621559156162,1.2025049443319227,1.8452894603880032
ADM UN Equity,251.0,0.0013502853819753146,0.023242852141099033,-0.06214869443890786,-0.012463508427599055,0.0,0.013249777028669491,0.10666321706611474,0.3863544356507569,1.7441254917102607
MS UN Equity,251.0,0.0013125279656120423,0.03674737664221039,-0.10761611329792234,-0.018499704307302405,0.0017905916312555437,0.021834360113333423,0.1260996128157059,1.634626779780382,1.850253138215094
TAP UN Equity,251.0,0.0021624867098440433,0.025651187144161633,-0.07590476190476196,-0.013220716243352065,0.0016547012196748674,0.017865493470941775,0.07656653890721099,0.38028043575100007,1.9243301321154493
SYY UN Equity,251.0,0.00206529866896636,0.022835734022454444,-0.07627118644067797,-0.01086256395419027,0.0014879249170194927,0.014569448570901082,0.13215859030837004,0.4071071323986618,1.446833013218212
CL UN Equity,251.0,0.0005757024809393172,0.029509066788070252,-0.15906712513081184,-0.014001708125068055,-0.001114285714285655,0.01425006500696975,0.19971010197371467,0.497566989123205,1.1463366375874338
3080867Q UN Equity,251.0,-0.0007126537285425773,0.03481667517924156,-0.13076923076923078,-0.020502096392544314,-0.0022172949002217295,0.01625102245175678,0.12115732368896925,0.5855776810580506,1.6733029556290493
1255177D UN Equity,251.0,-0.00021007691099573573,0.03408723857063149,-0.08233532934131736,-0.02181016946443059,-0.002224694104560623,0.01751609391420355,0.13095238095238096,0.6665254061483021,1.8269315225572202
1519128D UQ Equity,251.0,-0.005449195081738635,0.053528624510163006,-0.40498287137963246,-0.028072211306796276,-0.006095640601030214,0.02227313840737357,0.15290862677760725,1.2021285485072402,1.2875256055793411
KATE UN Equity,251.0,0.0009626619393618742,0.02965851266372283,-0.08567585397407448,-0.015267246898759503,-0.002680965147453083,0.016174114568857752,0.12012012012012012,0.8748991569579133,1.7556790055466243
RIG UN Equity,251.0,0.002066383133452176,0.03832918830682879,-0.11334998745301943,-0.02215501247375192,0.0,0.025414919070281088,0.11287745049187797,0.36486259822009404,1.918428097951193
AMAT UQ Equity,251.0,-0.0006210036742876399,0.053225365726769086,-0.1199533632286995,-0.03962129469297098,-0.0032373056994818307,0.031964171507963504,0.20311134242945686,2.2671054487171745,1.8974623433884135
CPB UN Equity,251.0,0.00013205856958029756,0.02939235651936399,-0.07948243992606285,-0.014781736741892187,-0.001869158878504673,0.016074695942309765,0.14285714285714285,0.34690773818443416,1.6049491647958667
SEE UN Equity,251.0,-0.0018019803010031418,0.025883129348843202,-0.10416666666666667,-0.016371875119920748,-0.002424237722690477,0.01347231813334595,0.07977974188777576,0.5588570455050091,1.7438924255511528
AAMRQ UN Equity,251.0,0.0015719624201559642,0.0324251213701112,-0.13333333333333333,-0.018665576868184094,0.0,0.02110208674236517,0.12614275797899835,0.8611332280642293,1.6444746871677358
WM UN Equity,251.0,0.0023292288688577982,0.031199885027958504,-0.08045977011494253,-0.013224910923120642,-0.003067484662576687,0.01386280201485529,0.2625,0.5080845493453193,1.2481649555191008
DPHIQ UN Equity,251.0,-0.0006344197881897928,0.032131341134283134,-0.09935897435897435,-0.024490203918432627,-0.0034965034965034965,0.020986566835498786,0.11646586345381527,0.6505139007964176,1.7983873992471646
CAG UN Equity,251.0,0.0007890017428714162,0.02280749984804965,-0.06917889264630767,-0.012056127401392207,0.0,0.012699784967352294,0.1015096585682593,0.15760180457377643,1.6794233351400591
FDX UN Equity,251.0,0.0001311569858449572,0.028254618547278215,-0.09312878133102857,-0.018026619872577875,-0.0031446540880503146,0.015272801693207223,0.11487481590574374,0.8001101288815624,1.690077438977958
PTC UQ Equity,251.0,-0.00015723199410200343,0.06498413731039297,-0.4896147279622761,-0.03555275286941126,0.0,0.034015079105033624,0.23880597014925373,2.044281907256753,1.2378415153569757
GDT UN Equity,251.0,0.001269732300477321,0.03577382736339633,-0.17135086128739802,-0.018275493958810386,0.0011173184357541898,0.019477440311070016,0.10363391655450875,0.4156071516179467,1.6227142384401319
SO UN Equity,251.0,0.0017252266817404129,0.020646039192696808,-0.06363592940221152,-0.010340014066784075,0.00230629539951574,0.014969367666148837,0.06079068616099578,0.1027836264166473,1.908645256747373
3621240Q UN Equity,251.0,0.001051380747494607,0.028533268889591627,-0.08614232209737828,-0.014918518675526635,-0.0018214936247723133,0.016827539834909623,0.10931174089068826,0.8196077574876645,1.7742028839195574
LB UN Equity,251.0,-0.00016306942875275772,0.03261072031866916,-0.07948516233593403,-0.018946219546140435,-0.0018721439337752504,0.015282058466423835,0.12293823583031883,0.869868194621434,1.8500620509486736
SLM UN Equity,251.0,0.0024835306052686757,0.026522391059554007,-0.08696128360987897,-0.014882476190940758,0.001627816121890933,0.018942861143367615,0.09353964751557124,0.6530552622327916,1.7995931066241475
IP UN Equity,251.0,-0.0007178914147300944,0.032121956732483185,-0.07070866038465828,-0.021488308841840758,-0.003453350338467494,0.014835427573364837,0.11888080141640067,0.655985929768305,1.8742518108946407
PNW UN Equity,251.0,0.0020778900905980965,0.02016215109040563,-0.054987212276214836,-0.009917382466723494,0.0027210884353741495,0.015025711777248213,0.09592326139088729,0.11006115554223202,1.7016086460227733
PCG UN Equity,251.0,0.00046035019170433334,0.029068937216420846,-0.12835820895522387,-0.015728715728715727,0.0,0.015384615384615385,0.11827956989247312,0.1224046129549972,1.5371399376090955
AES UN Equity,251.0,0.0022796089739269294,0.034467741986188974,-0.10613810741687979,-0.020204860687650258,0.0022396416573348264,0.025341532993042475,0.12691131498470948,0.7450325689303376,1.8060033784137772
0202445Q UN Equity,251.0,0.0026235208740521747,0.03588229671468269,-0.09975159679715533,-0.018133493508600284,-0.001289459080077101,0.017145828681833494,0.15508849880881048,0.9626875120384912,1.6725207333399479
TOS UN Equity,251.0,0.0013472549246550567,0.02273471607763666,-0.06882591093117409,-0.01455806067456553,0.0019723865877712033,0.01577469294893443,0.07242990654205607,0.16649593346458957,1.8899493380036467
3423152Q UN Equity,251.0,0.00016437508065031032,0.035151170654271625,-0.2562162162162162,-0.018506099736034815,-0.001483679525222552,0.019612518430945393,0.1030818278427205,0.7977479775869828,1.320897181937784
CMA UN Equity,251.0,0.0014272166871371257,0.025523364926640955,-0.08601036269430051,-0.013780254323553145,-0.0012547051442910915,0.01763111624879788,0.12331081081081081,0.9486893236712431,1.5900475185276073
1281683D UN Equity,251.0,0.0023157562780006303,0.019731368265989674,-0.06796188774750637,-0.008734615905598538,0.0,0.011405760639126052,0.11110824276531481,0.46898188484997405,1.437443280450786
LDG UN Equity,251.0,0.00020810736383821313,0.026135793055198968,-0.11479591836734694,-0.014010894636109338,0.0,0.013908091541057151,0.12177121771217712,0.4894720448733105,1.450717676079442
ASH UN Equity,251.0,0.0016196872589521235,0.02482228835899844,-0.0610022383627975,-0.009038300827654036,0.0017629034740392643,0.008971897181957504,0.2696515832453492,0.22478820877294764,0.9619850455722494
RAL UN Equity,251.0,0.001179593589781521,0.021070898430465293,-0.06547619047619048,-0.01205519244734931,0.0,0.01367557332211235,0.064343163538874,0.09940186262360513,1.8573943027268933
FNMA UN Equity,251.0,0.001918067014544689,0.027601748907335844,-0.06271379703534778,-0.01547788610299354,0.0010362694300518134,0.018837151322235943,0.09532215357458076,0.7514294388023602,1.9536697766330606
2641504Q UN Equity,251.0,-0.0002691256616706427,0.04471655223498628,-0.14666666666666667,-0.026638991109353933,-0.0039946737683089215,0.023083177697176903,0.225130890052356,1.2185112730438732,1.5743532313353177
SRE UN Equity,251.0,0.0013830684720872533,0.020410786774283606,-0.08719155985700584,-0.010027401982739648,0.0,0.013266858234917873,0.0661764705882353,0.10663891141338708,1.6813112419045655
HIG UN Equity,251.0,0.002376177456546685,0.035093719821265565,-0.11024844720496894,-0.020122309033599357,0.0,0.02219277170242055,0.20599250936329588,1.157741555526306,1.468721303012326
SCHW UN Equity,251.0,0.0015798828196062014,0.04555088873167576,-0.1781553413208412,-0.023990163388862253,-0.0055248618784530384,0.023275788181833283,0.18763796909492272,1.975924909721642,1.5623730917644671
WY UN Equity,251.0,-0.0008714575214132744,0.028526620553135245,-0.07363435867672674,-0.019142600300763857,-0.002835182847143856,0.0155135805871926,0.11754324038122137,0.5214663719749234,1.7940277011085417
2968900Q UN Equity,251.0,-0.0017283137206008479,0.03553530188045363,-0.16513793096843762,-0.023253967085260487,-0.002548838555119272,0.01752737948563194,0.131868434394995,0.7901311764142814,1.5958094404980412
DHR UN Equity,251.0,0.0018120944238976368,0.023564272634545285,-0.07739422362317727,-0.012072761903214446,0.0010198701826258324,0.015349709727208234,0.11200432344794958,0.8358200473683002,1.6472119598902957
CBE UN Equity,251.0,0.0008080617153266251,0.02069964850406194,-0.05783283582089553,-0.014109625969200752,0.0,0.01531017709547641,0.0778816199376947,0.6795262388770943,1.8286244294352803
CTB UN Equity,251.0,-0.0010860390621949061,0.027455369487568725,-0.11,-0.017241948802642446,0.0,0.013333333333333334,0.15384615384615385,0.7634084632300407,1.3637060703357229
INTU UQ Equity,251.0,0.00030411270757995713,0.06397036306323912,-0.1901482464874433,-0.0374953150381814,-0.006005861721039735,0.03730834318509903,0.2956174709925355,2.1798017908705383,1.6261994976977014
WMT UN Equity,251.0,-0.00037065062167845533,0.033083730290355134,-0.08229166666666667,-0.020788711025937302,-0.0038314176245210726,0.017000390618365856,0.11148648648648649,0.975679714180752,1.8996872699465415
DVN UA Equity,251.0,0.002927578774280419,0.028723469031545112,-0.13370606741573027,-0.014711461871461842,0.0014146892655367983,0.019570971440988908,0.11384615384615385,0.08864544461955935,1.5541142259952
OMC UN Equity,251.0,-0.0002922093376310695,0.025774484712967092,-0.07894736842105263,-0.016022638390133633,-0.0022483868184128416,0.01460542317622271,0.09492869565217395,0.8019255486051483,1.7848052909395324
CVS UN Equity,251.0,0.002342529310604035,0.032102047865308195,-0.08924920324802191,-0.015484449407086437,-0.0013602179836511537,0.01798853905764298,0.13270991957104564,0.417224067264349,1.7304793213337648
NOVL UQ Equity,251.0,-0.006059878798772037,0.05827019054058414,-0.39501779359430605,-0.033088768774339306,-0.006289308176100629,0.02380379787694816,0.19727891156462585,2.144638472235883,1.2949850786352954
JPM UN Equity,251.0,0.00014590763002479096,0.028811986234907966,-0.09587513935340022,-0.02148047831232137,-0.001644736842105263,0.020180792576421087,0.08896210873146623,1.258302490237032,1.840804940151052
HOG UN Equity,251.0,0.0013180633702689396,0.026784574935334232,-0.09762900976290098,-0.014465575199203187,0.0007542168674699195,0.01428416797144425,0.11333823335890328,0.7599987912144177,1.6012633890632455
LUV UN Equity,251.0,0.0032945661751285745,0.025708467737183653,-0.08108108108108109,-0.012885324869305492,0.0,0.01835291339134587,0.08429425287356326,0.4992107612877123,1.8225423012438404
TLAB UQ Equity,251.0,0.00038649019678575953,0.044524827594953194,-0.1412556053811659,-0.029082024053301438,-0.0019342359767891683,0.026384183564917105,0.14395886889460155,1.5434941021382746,1.8246750096140563
NYT UN Equity,251.0,-0.0004983430185798507,0.021120477379932584,-0.06499261447562776,-0.014356083308360804,-0.0015360983102918587,0.012987012987012988,0.0831918505942275,0.5708681700491294,1.7730734615486599
MTG UN Equity,251.0,0.001099811730484623,0.029747914806184262,-0.06690140845070422,-0.016717947182316582,-0.002103049421661409,0.01739207779886148,0.14285714285714285,0.6062328616278783,1.7180964362838278
3153670Q UQ Equity,251.0,0.0018185647937637125,0.06565161647093747,-0.14885496183206107,-0.04551577839096289,0.0016266775111834079,0.04670168087264219,0.21417682926829268,2.755723285203887,1.9918308382645047
PKI UN Equity,251.0,0.004430783477889107,0.03814941404146424,-0.10673234811165845,-0.026571503700818053,0.005529945762291964,0.029068435544430567,0.13513344248508105,1.3336167959259129,1.8567740036955558
MU UN Equity,251.0,0.001366026735776195,0.05772179015572981,-0.174,-0.03754856238708033,0.0017021253417867685,0.03562523033309712,0.25620463576667957,1.8321453345800305,1.6972780703307304
KEY UN Equity,251.0,0.0015534728926873684,0.026899620738372067,-0.08273381294964029,-0.015221017514595496,0.0,0.017886942010846892,0.1141732283464567,0.8678230929648203,1.6855454710579238
677004Q UN Equity,251.0,0.0008620842528447239,0.021733300890647917,-0.05149700598802395,-0.015060096450914568,0.0010351966873706005,0.01345319148236022,0.08613728129205922,0.13160407589628567,1.8469047116924342
NXTL UQ Equity,251.0,-0.001108658624079703,0.060493976938304085,-0.20242214532871972,-0.039236795264256906,-0.0032102728731942215,0.042038973561381476,0.210412147505423,2.2943844927153596,1.799760665854093
LNC UN Equity,251.0,0.0012732051349988972,0.0321930787927133,-0.09433962264150944,-0.019757111779584273,0.0,0.02008538389135404,0.12468827930174564,0.9693937669575745,1.7330070686279702
CFC UN Equity,251.0,0.00332716876261673,0.0312907701939164,-0.1014783676553939,-0.013890476190476186,0.0,0.016951392996046824,0.22347910255854606,0.8105264781681342,1.286223198715351
PGL UN Equity,251.0,0.0014807649804020973,0.017886996257944578,-0.05989110707803993,-0.009126192568285075,0.0019455252918287938,0.012223011363636363,0.05547445255474453,0.3538897507512797,1.8446235777851072
0203524D UN Equity,251.0,-0.0014270309807775559,0.05871599497101974,-0.3417926448930088,-0.036424009666568655,-0.007751937984496124,0.03462366832044921,0.19205298013245034,1.978136576283959,1.4657302636413194
1752754D UN Equity,251.0,-4.519187109356777e-06,0.023948149736574588,-0.07715507393021513,-0.013572115987895119,0.0,0.01156992307888209,0.11254474201717536,0.45825730375050555,1.5955927128636573
2999130Q UN Equity,251.0,0.0006904710111898503,0.024873454557687507,-0.07457627118644068,-0.01431131592421915,0.0,0.014603403019280222,0.11961722488038277,0.6195077366512819,1.6319329821194106
OKE UN Equity,251.0,0.0028227278441323297,0.019062531895071826,-0.05222271000744387,-0.008876754837827228,0.002345528942457506,0.014339468525149003,0.06531641849529785,0.4136022709130229,1.8992306741729785
MDP UN Equity,251.0,-0.0006293758752607998,0.02304062561926337,-0.10672853828306264,-0.012067961165048543,0.0,0.009407412651775283,0.08549222797927461,0.5780286267349978,1.5422117459813256
CAT UN Equity,251.0,0.00021763996498748052,0.025647912910779846,-0.07561481481481473,-0.017120609711171117,0.0,0.015525466368414575,0.07342657342657342,0.6841427190693063,1.9329271652307465
1715651D UN Equity,251.0,-0.0008236144219015613,0.026832906452796852,-0.11037399044082413,-0.016336925793798134,-0.005270305655537198,0.01386438988307928,0.08865162096947592,0.3717317294019693,1.6688275892336846
CAH UN Equity,251.0,0.0031505539565831607,0.02645722936452873,-0.08145733323780187,-0.014089015899046086,0.002841836136623587,0.017307532448734383,0.1308103381267003,0.5918029350109502,1.6156113099389944
3517233Q UN Equity,251.0,0.0008867499195456993,0.027044819341992352,-0.15161290322580645,-0.014993346281110632,0.0,0.012176588331232856,0.10380622837370242,0.3044953250666377,1.4155869820932607
BVSN UQ Equity,251.0,-0.003081268488944508,0.08553787430133106,-0.2585669745699935,-0.05312185338140833,-0.013913042101743468,0.04570778138742376,0.4139534969100404,2.581626732047376,1.6239897481216343
BSX UN Equity,251.0,-0.0013771817328274527,0.036423789421555657,-0.27912233009708737,-0.021466973886328726,-0.0037533834586466306,0.019130625895843276,0.12956210199547114,0.41331930413852724,1.1676374719772133
TXT UN Equity,251.0,-0.0016351954431428055,0.023058682814423432,-0.08498023715415019,-0.014420710491029753,-0.0021574935792991077,0.009029042859248333,0.08272607784945629,0.5873341810261793,1.6760699903454626
NBR UA Equity,251.0,0.0033811267728238305,0.03438850823592332,-0.1027159485399224,-0.020495437679400715,0.004161149990542841,0.02816107090027582,0.10124610591900311,0.3849704478263661,1.9377345769056922
PVN UN Equity,251.0,0.001960786505974562,0.03749033370207763,-0.11334886119054899,-0.01981661798517421,-0.0020858906619701137,0.01957809042051402,0.19905183082186795,1.1215399103644506,1.5796956707668324
KMRTQ UN Equity,251.0,-0.002170345080298402,0.027453275729768276,-0.08396946564885496,-0.016811471356925903,0.0,0.010582306830907055,0.12280701754385964,0.329940081210334,1.6345584351303293
0964591D UQ Equity,251.0,0.002428807977918327,0.0370836380569313,-0.1149808083088733,-0.017014061673480903,0.0,0.024324149924547022,0.1670435047545741,1.2339657125044854,1.6514816781893342
OK UN Equity,251.0,0.0018218843117368117,0.033660969282857243,-0.07364322156129231,-0.018058210083628554,0.0,0.016028875606144712,0.3425,0.8342623053601295,1.0451332020852282
GD UN Equity,251.0,0.002092204207801855,0.02220804608346124,-0.059502592352559856,-0.010931467936069753,0.0010712557882370018,0.014642957505148178,0.0828572495425862,0.40601995962375387,1.8288580816122346
SLB UN Equity,251.0,0.001932687664626124,0.029784619110351043,-0.07103384873389268,-0.01909051027517302,-0.0008446700507613764,0.019664767061594875,0.10913840947546535,0.39754168566933334,1.8890938229239571
BA UN Equity,251.0,0.0023262274140676505,0.026499175238651577,-0.06944444444444445,-0.01623712372818806,0.0,0.020855080027835766,0.08362369337979095,0.4837944607122063,1.9308896330617993
1697067D UN Equity,251.0,-0.00026468485450197905,0.031411410418109464,-0.08338516291766,-0.021307764130238833,-0.002242152466367713,0.01759141845086622,0.11389521640091116,0.6111596932546468,1.8194778465058457
1317355D UN Equity,251.0,0.0006560394518408757,0.027461503255473026,-0.0656152392704276,-0.015557154342888208,0.0012514545414627385,0.013500002762825362,0.15045370105744496,0.7216429774769374,1.5890058429107574
ANDW UQ Equity,251.0,0.0019639056164580423,0.05195266900061733,-0.1423076923076923,-0.0313585291113381,0.0,0.03015856172689789,0.20261437908496732,1.6591212651007183,1.8155394478868783
WOR UN Equity,176.0,-0.001866488213971093,0.02813600930757492,-0.1048951048951049,-0.017069805194805193,-0.0024875621890547263,0.012095177765460447,0.14563106796116504,0.9389209440091664,1.4945289913166553
CVG UN Equity,251.0,0.0025680433023163836,0.04028864180654069,-0.17503392130257803,-0.02265090265327064,0.0,0.026206339592166363,0.14775160599571735,1.004092920656327,1.6005428510643656
CAR UN Equity,251.0,-0.003114997857871831,0.034009121348672976,-0.07182301193275856,-0.024849182649002342,0.0,0.014016301221689266,0.14705145920080115,1.0732466567888055,1.7922316781171077
CI UN Equity,251.0,0.002362230124573751,0.02367773304038386,-0.04863675594606449,-0.013413196092829809,0.0007812206572770427,0.017408517869505383,0.07980449260847303,0.37644592000926724,2.0158598267064485
BF/B UN Equity,251.0,0.00073239804514473,0.01804159085689406,-0.05292142821704405,-0.01035918226806366,0.000918651364951323,0.010703985969486959,0.06419446643699309,0.1984325163447831,1.822723531404554
1719868D UN Equity,251.0,0.0022154246919733928,0.045239732350762334,-0.38144329896907214,-0.01565563725490196,0.0,0.017392619479733817,0.2848101265822785,0.5995091010610696,0.8870598071482383
APC UN Equity,251.0,0.0036119647583489766,0.03207008373539576,-0.10824140034533036,-0.017308398558799384,0.002132895816242747,0.024502349730734847,0.10862865947611705,0.20997022924249292,1.7979848946169694
CCEP UN Equity,251.0,0.0005357856170797437,0.037025046112907446,-0.3074792243767313,-0.014239944844927051,0.0,0.017060227405021538,0.14344262295081966,0.398521127519467,1.1030927873981526
GIS UN Equity,251.0,0.0011697710298311037,0.01695988149155884,-0.074012877072972,-0.009764339707892776,0.0,0.009569375064789585,0.07443053435114513,0.2172223356944963,1.5107236874038352
GR UN Equity,251.0,0.0016286007401002645,0.025400357946169117,-0.06434875557930933,-0.012643265566645658,0.0,0.013643032888108027,0.09271292473102513,0.6426408142636942,1.8536227322717616
